t,x,y,z,vx,vy,vz
0.0,20.194595881248276,-0.2600789662362376,-0.4673731878864016,-0.16050849331216477,2.133862280002467,0.3626857430430587
0.1,16.50686286537064,-0.780528567619905,1.4956114289212077,-0.12466419118367796,1.9773904225838068,0.00901454895444423
0.2,18.600860705955157,0.7938036808315228,4.5320214051748255,-0.12459845569161651,2.116517232056372,0.11825188311833795
0.3,25.820691146969693,-4.350660737705801,-0.30567593701818424,-0.1423797018068129,1.9780078825360408,0.21253721976880674
0.4,16.15827601186442,0.4916572819231899,-1.769236962379873,-0.28353182279401457,2.1474523636180067,0.23823531487899907
0.5,19.98082526273261,1.130958644788548,0.18858863871062598,-0.12302995410261477,2.054813951332073,0.1959686068911308
0.6,18.850509013475293,0.13415674421452684,0.9717556908630922,0.08271216200996429,1.9810576453103956,0.1974040435251021
0.7000000000000001,20.593659321448897,1.7190369582721368,1.9125872131035782,-0.05950272691696783,1.9848048143674464,0.44652550435682165
0.8,15.240196963108328,-0.7094922771499368,-0.6779134245641627,-0.1489068855813333,2.2457462246509103,0.21799315444124187
0.9,18.856335009019006,3.392645328548933,0.2983802287191053,-0.19013671312349137,2.0814827812487056,0.31078128898983237
1.0,17.57716530070925,1.5529605021037656,0.3770771685181282,-0.072550940852359,2.0019043183702387,0.2109099884563203
1.1,20.99984463272337,2.590704368704933,-1.7312295965288826,-0.2540419704514697,2.0395708072813776,0.2621760610993088
1.2,19.27901456864704,0.2665092784483516,-0.3508275449652961,-0.1126771782015232,2.2128995102082945,0.12267182784560449
1.3,22.52462806434347,5.097109457084293,3.740088610093804,-0.26721181637579444,2.0985085615394667,0.20982815897543533
1.4000000000000001,21.70003859982063,4.128889010796533,-4.810210495318829,-0.16050067059970707,1.9788707021673897,0.3254755806973102
1.5,20.331761431012847,3.2008259000378234,-0.6885251694529765,-0.34175128769633434,2.08376739826444,0.15590326497393847
1.6,22.06045093591142,-0.7119082351338863,0.6428731269679988,-0.44132348854841247,2.2037920753282387,0.3886939677150574
1.7,17.732946688351415,2.303038382471491,-0.8248223688323347,-0.35119486775516595,2.1411553181371814,0.2082718513712955
1.8,18.557985714700205,2.168449176330885,-0.5310187618845785,-0.37479028487461996,2.0468066281565247,0.23667235433747566
1.9000000000000001,24.931580074605932,3.4064492500269345,-2.6250134315613103,-0.2525788149455114,2.059472295684817,0.039168893446037883
2.0,22.320849330425624,6.715300721797725,3.5908505633688397,-0.43332496170956186,2.0462847856986253,0.040893009895604515
2.1,17.763254388697746,0.8056576498992123,1.4710978325192678,-0.4538756546884341,1.9488770291247348,0.10707301764835768
2.2,25.63461047924338,6.329343372483599,3.0988318126188243,-0.2914128916862481,2.172823375250129,0.21357255010264908
2.3000000000000003,22.78955750996586,5.370340881987493,2.8272729784132853,-0.5063837756513915,2.276692385942882,0.02596931570429753
2.4,20.24579132292607,4.102784205965,1.691327062926636,-0.624513190514371,2.0345085992919056,0.33194370199453804
2.5,19.64765492193546,-0.260636793059569,1.2844115884591523,-0.4256418134644652,2.0299646486348144,0.1869324143220377
2.6,20.428140440106812,4.7153815661353535,1.307157837710569,-0.5498179913550649,2.061728682706235,0.13270529116449978
2.7,21.66139811683174,7.423003526148623,-0.4599969590448325,-0.6911522331095861,2.0198484373570404,0.09286501122220384
2.8000000000000003,16.820466512896335,10.851881668526165,0.28781763581681097,-0.6763533289429438,1.8657382879382016,0.10353362491315632
2.9,21.59788209012071,2.9185838838793545,2.6082474252561214,-0.46410474469607177,2.145993963084785,0.15289378891660954
3.0,18.73104756308137,7.734740697316985,2.4773839239850637,-0.44290061091380184,2.0963669099144973,0.20595195303055155
3.1,19.71779811300918,5.4595693475927325,0.35778736723690396,-0.5694320969131407,2.015706921278319,0.1625891498084685
3.2,16.578574107402986,7.386450676362763,1.9357988119162148,-0.7632439739166514,1.9879022381212774,-0.02106052099298275
3.3000000000000003,17.06230459003566,6.454629349604884,3.3789643839715833,-0.7055794324964175,2.180612022605287,0.12959680473724372
3.4,20.94123549134886,4.323474602259805,-0.573471735592848,-0.5259191510433344,2.088297265828217,0.294768536873086
3.5,21.873915945550532,3.49018061247381,2.1275966947402876,-0.7812580205152261,1.9806294960614284,0.316191246531623
3.6,17.200515663642744,8.078399255409847,2.302927871156607,-0.6679619059761346,1.98537167059092,0.2090451656094369
3.7,13.531446534997876,12.86920962734175,2.6270779992915516,-0.7682780855965679,2.0331332335428813,0.2603363563283678
3.8000000000000003,13.917446907913938,8.881857377144561,2.611671491899526,-0.8222364211968232,1.8177190437753061,0.29419357339096086
3.9,17.207184305658973,13.025105013171213,-0.27851740345242515,-0.6734661572589,1.9774119866039437,0.010779199872571782
4.0,16.624594571215432,5.179136808414623,3.374506641243301,-0.8608696295429781,2.1378496104996563,0.20999954218965805
4.1,19.409171439950686,9.135580584495536,6.986446125706078,-0.7690409690018857,1.9746332222079004,0.17637911283177715
4.2,19.22038457565664,10.726890452514093,-3.734735740513169,-1.0210887280602667,1.9815278345973018,0.2100745213214609
4.3,15.39292312678498,10.553942934450767,-2.5707685005830303,-1.0209521347037886,1.8321683398875326,0.12651176091618385
4.4,23.116468221041366,8.828647822570028,-1.4150496653850237,-0.9110011790389329,1.8986387663154531,0.04784866827209436
4.5,15.690795873230341,8.11575121819873,0.5504437063867784,-0.9341180611357568,1.8203309470703495,0.2380406294455351
4.6000000000000005,17.778291189215444,10.996378938537278,3.465753659645854,-1.0483531960884458,1.9782125634234369,0.11509087250448509
4.7,19.75676907697446,6.797521500248434,-3.4055585598344593,-0.8929182903934827,1.779753235042808,-0.1325100742441117
4.8,15.201911674847334,7.533559178694222,-1.0292769694020414,-1.1680031210795003,1.9865676799538217,0.09037429611249509
4.9,16.46545547306339,7.57627979250999,-2.581508841270609,-0.9486830131940975,1.881353470300012,0.2585163486473132
5.0,20.36537525790465,12.804592016331867,2.5440337057188263,-0.9560682088755156,1.7033033416507224,-0.02810923948073353
5.1000000000000005,12.969148512358807,13.331670270929392,5.069258434449149,-1.0042302783714812,1.8970884577899976,0.17381674467619146
5.2,14.102509792047636,12.50397908618401,7.613619993109161,-1.1014281041492686,1.7920725760637244,0.09889842743832745
5.3,14.905890365706671,9.015716054639178,2.080213521895768,-1.0889955162731666,1.640236972073809,0.14228249589753922
5.4,16.504527703912363,11.758857474757166,-1.8220353176126736,-1.0631266077289019,1.7214017599185856,-0.04770339407590472
5.5,16.447877953969268,5.545345179956688,2.7563653869404487,-1.0503674331592516,1.8311249277406159,0.0028547562515985475
5.6000000000000005,15.758172625805415,14.031516025364953,1.6971551257172186,-1.1782048995320735,1.7089355080955198,-0.01625526357217552
5.7,21.151418079025007,12.28884390846646,2.1420856305907723,-1.1169978101835836,1.8619506879586905,-0.005403168215912871
5.8,13.653067802867557,10.324810634424827,1.3117688384517374,-1.1823973376551788,1.6747261056252682,-0.05264678210163479
5.9,19.53641181941928,10.98239653695665,1.168091388895522,-1.3322795537886754,1.7634975698058628,0.08968879739444305
6.0,17.8262183436994,12.817645627238608,3.251418438192694,-1.2576386478143593,1.6810359889495932,0.13890040771096657
6.1000000000000005,12.857500250181513,16.014653166799867,5.7413049667463385,-1.2476649718481383,1.8818236297787858,0.15756809325484394
6.2,14.412491487454687,13.915425878318707,0.043800221597503075,-1.581415737627451,1.843279289119945,0.17732322947687934
6.3,17.696262976418012,8.817056245501458,1.7795033270273661,-1.4397686003320076,1.744023510602467,0.24501518226249308
6.4,15.138763503117387,11.647957029436954,-0.16028162501465415,-1.2568570400224828,1.5455967363234397,0.057995822039462346
6.5,17.38462619653464,11.17471578644529,-1.3668784015873026,-1.2823073834159222,1.6317677665407078,0.21804053549354252
6.6000000000000005,14.854076406297251,12.854702067579073,5.488310102643142,-1.0890853922067756,1.598638244561694,0.0894080933398941
6.7,13.032895343348905,12.091193326994844,-1.0325925232484539,-1.3391147989364744,1.6818697676145253,0.05078535788978374
6.8,17.642667389537465,11.447826895856815,1.8252043741271227,-1.3765361452415619,1.6934178603093406,-0.11167335472611334
6.9,18.325209794787455,17.01779508353161,-2.696591138908765,-1.3858163467043823,1.688344649152721,0.10406786709965324
7.0,13.387662550842375,12.138303037399895,4.959615552819918,-1.3087674516978824,1.4349839562248603,0.1888453883526933
7.1000000000000005,15.367508420632817,14.881674285195757,7.4174053171997825,-1.515726097216705,1.5170545736863703,0.2543937850216439
7.2,10.73467869942497,14.326489401864816,2.912469588289434,-1.350773825425171,1.4898102140184712,-0.019930231595151483
7.3,12.870167317624233,9.61584390013388,0.6930810572396389,-1.537051671234455,1.4746666738193883,0.005364774367140418
7.4,11.932659336870156,10.095811725650439,1.9682611556278768,-1.4196477783371215,1.5078997909709315,-0.025719212801054152
7.5,13.029930194128116,8.962539036675567,3.1965727902655656,-1.382307199653516,1.4961165739045863,0.04470583790085929
7.6000000000000005,13.941250952706941,11.266370048904545,2.6164834210336756,-1.5664401475427576,1.4807374295268725,0.05114713091945824
7.7,14.859458985532205,10.723509233942323,3.770529207077135,-1.426536959916979,1.4606450267499589,-0.10854407953630762
7.8,12.404394850589103,11.393058627131227,3.0178472901648643,-1.598791509680751,1.3460011911322656,0.0506375554184121
7.9,12.577623408539418,12.069793505294152,2.572864768544691,-1.4266681361305025,1.4575577062249916,0.06190490797049259
8.0,17.9724544832293,16.467872586336597,-1.5605339697842082,-1.5631680971112172,1.4481271158130178,-0.06144909012204593
8.1,15.569168610023292,11.348490351422365,4.401416868774362,-1.5995135375683356,1.3559613727981066,-0.22477694820429486
8.2,9.437835471331615,19.340865537470258,-0.2875582188651451,-1.609848529922977,1.363221770598047,-0.04206284355367745
8.3,13.573254686069161,18.154426099655474,1.857888971259034,-1.6803188371922035,1.45353223021732,0.06455286952567849
8.4,15.281018591972177,12.239485640738362,-0.26442477168674494,-1.6331648699097963,1.195934806161878,0.19451776973687335
8.5,12.77058544987684,16.205997767215223,4.803066340882597,-1.4589164872600056,1.3422337139145208,-0.10762956587262232
8.6,,,,,,
8.700000000000001,11.809683743893505,7.124681783101053,-1.393401068765221,-1.5182013919445958,1.3349832367617707,-0.17380482814607293
8.8,13.987644373258984,15.905157239652837,0.7666169681367145,-1.7676846418863306,1.3681690830478241,-0.05152429681568215
8.9,11.846300505711461,11.640552057351872,-1.1079961370092717,-1.7654375510775662,1.2419789536438508,-0.00395070204540314
9.0,10.141628108067017,9.955813996010606,-0.8445209675427998,-1.8224261110749933,1.2167703705269004,-0.018882540052739885
9.1,12.284906428970404,13.9194807489227,1.5002609446540798,-1.7091508161780258,1.2615042363292182,-0.14933847817270157
9.200000000000001,6.176723492986783,11.015681214639034,2.5135975101883794,-1.784189884997571,1.0110699996096215,-0.14620951335015175
9.3,13.31861467086981,12.217415715239197,-2.8675986702749743,-1.7611489878360722,1.4436113284634424,0.11825624080688195
9.4,10.802969429531736,16.47639691149195,4.004945963254284,-1.6132023118095524,1.1197125208766314,0.03813836032817505
9.5,10.669007298325921,18.364805225215328,0.5809904547403808,-1.8899064196793252,1.1307833626323698,0.0035592458509023234
9.6,9.457922573990428,14.689918953231363,1.7068987764368715,-1.7933885092398167,1.2537301729127979,-0.14465579171936246
9.700000000000001,,,,,,
9.8,12.11197995643184,17.158493758816515,4.245275374623627,-1.7141727398460422,1.2042158442921551,-0.0985804012971472
9.9,7.150466721104717,16.775946550409827,3.898358832742661,-1.8167243233475396,1.1011132299015443,-0.051723044284129015
10.0,9.056790300992144,18.12761012412491,1.8722685605997738,-1.5969466208079384,1.1223766608936785,-0.09786224774910905
10.1,10.88722021600524,15.235233728824266,-3.388466022573038,-1.7967356470401095,1.0987771197846132,-0.07394959765925943
10.200000000000001,11.496035719410363,19.215824871053183,1.998144858878764,-1.9146107313349772,1.1249463367852797,-0.23202580672236672
10.3,12.78163359395488,17.72434428271222,1.5944070883156356,-1.830677050398794,0.9990093117657766,-0.15742646781949807
10.4,8.859234575887845,19.97664108446571,1.578346009671522,-1.8019653285830841,1.013297345126206,-0.12479549377908236
10.5,11.925722076695882,16.30988561766791,-3.360397485083027,-1.771526929436743,0.7150993872598854,-0.16079889276578802
10.6,10.220438677856535,19.027737863899073,6.114299599831119,-1.9290701647279813,0.9483343445732222,-0.10971993608827528
10.700000000000001,14.717533894167198,15.026298829617009,5.5060764458782945,-1.9517624832445475,0.9345300996729529,-0.17038691158797603
10.8,8.891602640356247,17.153844599203175,2.767220447832857,-1.9534331486918826,0.9613778382902872,-0.12960881704882657
10.9,7.512886097065948,18.109728880618157,2.1213245352584984,-1.9589699644297967,0.7476989383154027,-0.18724521318874385
11.0,9.005724516944444,21.97489581847189,4.699395243750324,-1.8461589524003017,0.8714386464537414,-0.24374709657016874
11.1,4.891387458497518,21.145654909415093,-0.09227003300142878,-2.0848565746438457,0.8183552450786401,-0.19588887915280356
11.200000000000001,9.330966641253678,18.960327977469785,1.8588148477682243,-1.842324258004336,0.9299005952923453,-0.08850627863655472
11.3,12.268455452165274,18.16668700540812,2.5870845466464756,-2.0012910499923584,0.8529044823919231,0.00516383642056914
11.4,12.457979307810238,17.412404673517578,0.29799951949431436,-2.0909612067198506,0.8671439472648984,-0.20750389530968666
11.5,9.142864829708095,14.550198677709083,1.733284223374422,-2.10107679268745,0.6765562646202038,-0.08760274523152072
11.6,8.011172331890476,18.90829336550512,1.8005329139889945,-1.8232196914367158,0.745681815072841,-0.018162283496684722
11.700000000000001,8.402426377599038,17.951309903952353,-1.7800640535607999,-1.8905295003454252,0.7294755522740111,-0.2509954093110794
11.8,7.801326730109843,20.899787806821077,1.3167801388320581,-1.934386413266251,0.5499943702414668,-0.1395814531585171
11.9,4.918266703688784,18.155395625812588,0.5494763794698532,-1.9163589083245014,0.8160542273977474,-0.3099912164236165
12.0,9.794264820042176,21.57706455132532,5.55683473794691,-1.9207696252713438,0.7964754540313105,-0.17107802449086917
12.1,3.5388895663261972,19.931453582955807,-2.252811219226332,-1.9570918894719362,0.5082274445476864,-0.1397300871964965
12.200000000000001,4.031814439018284,17.000616998267247,0.38979791234680317,-1.9616116548963238,0.8173171973891858,-0.1420272138544189
12.3,7.738372325746926,23.567096916795766,3.8940774493153176,-2.0389282781665,0.490681076082049,-0.24610911069090258
12.4,6.081927613904432,22.4467637432558,-3.867898080665241,-1.9902267911176987,0.6397776668469249,-0.17369647838418478
12.5,6.025180697491978,19.391772254331613,3.3856465237538433,-2.040989745807527,0.4357784902141266,-0.14346850688101612
12.6,3.886309716192252,14.477523292310781,-2.005684468750063,-1.8407701952085977,0.45070649317396794,-0.1385080577851739
12.700000000000001,6.147504726947269,18.90144185349885,2.158125570509303,-2.042585460997593,0.5596530509280507,0.11049381126030955
12.8,3.739069726862236,22.981344500434876,2.9119690790343986,-1.921151845223206,0.5777452693696329,0.0037484809531955765
12.9,3.89250043936099,23.321675990511757,2.2592765337235408,-2.1426107178516802,0.55428814595306,-0.10392149861027812
13.0,3.2393558943849587,16.616418066709816,-1.557809398411588,-2.0938066409268408,0.5804822290052477,-0.19047778583419006
13.1,2.5809220094219523,17.964089213345982,-3.8060163179345934,-2.076928322963208,0.20329135312325605,-0.25467412445613047
13.200000000000001,2.75457547096084,19.310202771296915,1.387307385493953,-1.8134551718213567,0.38260694652132754,-0.38801783383092137
13.3,3.9092131498331257,18.669118252961574,5.5669442616672,-2.287741577005877,0.2918947734117065,-0.2529529262462695
13.4,4.141996139550966,17.244988646911438,2.530523075397653,-2.1495819598900168,0.41505254357870885,-0.0757057538341265
13.5,-0.7726754238496496,17.83701929819023,-0.690949855222951,-2.0061390148761977,0.2411029337196116,-0.2508489877823387
13.6,6.3731438052410505,12.172605391655438,1.2654381546099323,-1.9999802415348091,0.2230365980873816,-0.15389646006058424
13.700000000000001,2.956940912414233,20.557270812712485,0.6282859976394906,-2.2646205719524,0.33957191661148517,-0.07975323173378433
13.8,3.085654600806287,15.616342183440572,-2.9954383259915587,-2.043948498853293,0.146311931405818,-0.17034859936779323
13.9,5.23881118866733,17.82056745737011,1.071897354075468,-2.175211418616748,0.1711053095149977,-0.25028350003393585
14.0,3.265403198863812,21.41277106170684,3.9752787476174234,-2.0250509670229437,0.4220216878893391,-0.3165078867411862
14.1,0.49315374547992086,20.04125141283333,-0.7493858769934689,-2.1788751857163726,0.29558725371023997,-0.14096122552121038
14.200000000000001,,,,,,
14.3,2.0618260063035274,17.34748832916644,-1.879536209731873,-2.0763884095447716,0.08931877464627273,-0.21209738709259196
14.4,-1.2102234789560777,18.102092932949407,-0.9117655182633387,-2.0067377315596393,0.22104204432114988,-0.28865079517572995
14.5,-0.811564960476207,21.082546382894535,2.923000076705592,-2.1138023375929946,0.10133510438232815,-0.23969359241003524
14.6,0.17857146838839655,18.086298148820134,1.1609960482491766,-2.1492144316297326,0.0600874618040287,-0.21523766109681505
14.700000000000001,-1.0911393846344404,16.795067581474473,-1.0369397454080427,-2.0847755900824083,0.001147106677943377,-0.35748388669238396
14.8,-0.5609424992861745,19.06900911369857,3.1017310381876326,-2.0126751805050085,0.3310611723170024,-0.1078413184381776
14.9,-0.7376185251828794,20.178059238806597,-3.7149942278971544,-2.0286330362797966,0.006773002011544427,-0.1527667045304292
15.0,-0.11341450046957596,22.594179366641793,3.784012064300643,-2.0478802832430825,0.022592862334793257,-0.13103740303644087
15.1,4.705141626905567,22.32362033581174,-2.5308055750630034,-1.9560034879628674,0.02701068419253506,-0.3774404190862452
15.200000000000001,-3.5053114557449154,19.41160648544942,2.3388114476608295,-2.1209261987382226,0.1291446647676279,-0.2550976566094977
15.3,3.9713260168626006,15.854095672004473,-1.0511010260262184,-2.0269822265808,-0.26211974262477694,-0.2417419492425965
15.4,1.1712437098089084,14.822790777417413,0.3680461625663919,-2.1504617244612345,-0.08400795657759094,-0.0828251012997524
15.5,-2.016495291569522,21.945721689823785,1.2458320724830263,-2.152829600865097,-0.0446792113858914,-0.1999299773334032
15.6,-1.5971596396218468,18.968811599505568,1.675727658095427,-1.9924994808401428,0.04126679165663452,-0.06259915425656842
15.700000000000001,-1.5494723665850882,15.47539744769672,0.3207999677861492,-2.0855342901827987,-0.1660736772965123,-0.10575729373060774
15.8,-3.691891888035226,16.020240525496785,-0.3673429014916441,-2.010325061272241,-0.09299524021904618,-0.22448770853461086
15.9,-1.8644081439005609,19.686495826473966,-1.5793447666291645,-2.075780235971971,-0.3563612868611919,-0.19018169681418143
16.0,-1.237686430381403,21.43800382717313,-0.8652452311840174,-2.2595643334723334,-0.32055458208052556,-0.22099982612055885
16.1,0.12507583456000138,18.530631358194757,4.33740358218989,-2.15066126590438,-0.14757004684764466,-0.26100993267689143
16.2,-3.138095878118864,21.52850033311942,-0.9576686925245401,-2.041964309797472,-0.18947035927122394,-0.17613812348450641
16.3,1.1717610192043217,23.699537056243884,-1.324623914603022,-2.115105307469182,-0.2396720943065919,-0.09164916003115674
16.4,-0.8181313048423777,23.20676088555077,-2.9562510745282946,-2.0274717835064893,-0.39416429165653133,-0.26666991413858954
16.5,-2.498228133638844,14.46473419846781,2.5097591952603033,-2.0310541478407047,-0.3802096401514018,-0.2927758036208508
16.6,-1.5369979116387114,21.35810280652746,-2.155002947430261,-2.019760916349207,-0.5130942254937598,-0.004713158767213815
16.7,-3.099147695821091,16.633093921719933,0.09276208271448805,-2.0293335531267127,-0.4066743501494788,-0.24854491910661064
16.8,-4.114013533490722,21.66787428686028,3.9074655599752504,-2.1600931827781475,-0.0834929714907347,-0.22251551308901235
16.9,-6.932608083434118,23.129482372717103,0.8771244327989497,-1.9920897556438018,-0.36007287337399535,-0.3256827857194915
17.0,-4.7941662642441845,19.738941720831768,-4.0950850318000676,-2.0836021207094153,-0.515927207659718,-0.21411980303676736
17.1,-0.2798942497999626,17.72846127849692,-0.17753644252034795,-2.0273955060735425,-0.6171070179184572,-0.02916085638324528
17.2,-3.3385849193845516,19.743848115068552,-2.1033702342761833,-1.922525228309116,-0.39270383158903494,-0.15319107720889588
17.3,-7.351116285277195,18.588274511297698,0.46206436866570144,-1.9912950322741003,-0.5728440413818053,-0.3388675191647713
17.400000000000002,-5.130709337071316,18.1695968986039,-0.3125925233537943,-1.8145649213634063,-0.4692379544727416,-0.11934538536423227
17.5,-3.0212809536779184,15.963893071597493,-3.318238480265854,-2.0241282010799764,-0.4580986173778025,-0.13487415550557288
17.6,-6.421339951328349,18.08856096598534,-2.620327593334563,-2.111540760952445,-0.446867417506234,-0.1970760118378282
17.7,-9.77441486601722,20.26933461477505,0.4343158962826812,-1.9898449234465752,-0.5237888296365111,-0.26351124272962556
17.8,-5.182002885072886,16.71459570443735,-2.9220272942960785,-1.7457783119921686,-0.48498920263078493,-0.23971261647532144
17.900000000000002,-6.329688985121139,17.34404386718026,-2.5050725097532394,-2.142592468665257,-0.5892604326639808,-0.18531964285336153
18.0,-3.3569583303203396,17.15133864999072,1.9599891159995007,-1.9133607379160291,-0.7340470502104142,-0.27623472221769885
18.1,-4.512557567855391,21.41623350309478,-0.4729635207269385,-1.8352440094893208,-0.582037902568864,-0.16538691026012542
18.2,-4.9889203805951325,19.990122020853747,2.151764469328336,-1.799055129175611,-0.6325319528901517,-0.21728116369090522
18.3,-9.916235959006002,16.360321238877884,0.24110333350929714,-1.9227508531260036,-0.7520341589744484,-0.29009458604760485
18.400000000000002,-7.433393783836765,24.543333793717565,-0.11450865168659274,-1.7139092624137295,-0.5059878232962572,-0.13277902017803966
18.5,-9.85791816643938,15.294682454237257,-2.0702230938273463,-1.8686489250010607,-0.7212531374121278,-0.008314916707765352
18.6,-7.729857326189004,19.192258457098134,-1.3016373464221986,-1.8340988915361809,-0.9074228275692856,-0.21815071937948632
18.7,-7.328832007786876,19.080641091545736,2.160835908180906,-1.9347657539295866,-0.8974559469738407,-0.13304878299413986
18.8,-7.0122666192314735,16.4814317045753,-1.0423667778699595,-2.041130017400351,-0.7451625173906203,-0.124920163188343
18.900000000000002,-13.63753995014465,18.17171801494806,-0.6590888922764055,-1.85938654246142,-0.8562724488305367,-0.23670137313746975
19.0,-7.730482202206999,16.97482858298092,-4.970980691292547,-1.8603022277997157,-0.8334648436581349,-0.15248109655943298
19.1,-9.718211869591691,20.267959898953457,-2.7680957122732908,-2.00354054884901,-0.7511329387775568,-0.0537337893796406
19.2,-13.01663379406445,17.28739289381904,-3.9261927856174315,-1.765624036793719,-0.9143061264673333,-0.195960077802347
19.3,-3.619406839922984,20.661308665925034,2.3495061706297053,-1.9548043124262884,-0.8664122330792859,-0.19206068486134228
19.400000000000002,-11.167398776724069,22.673014299485896,-2.3400351544778584,-1.7248920985376883,-0.8034878071914466,-0.13373506460508788
19.5,-9.776502596939434,16.498479551943188,1.0476769096073248,-1.95316710618735,-0.7816490612393605,-0.1866076796764355
19.6,-8.255089871092272,16.51389470470108,1.810920877030803,-1.910672443314931,-1.0450003141650714,0.014481987333949328
19.7,-6.732364567104889,15.061804730455492,-2.3155911998026837,-1.8543253467274978,-1.0331117586451304,-0.077766063054302
19.8,-8.30629446818736,17.822353119144537,-1.3728793575937013,-1.781333469696409,-1.011686477499942,-0.19196891258169946
19.900000000000002,-9.75602537364214,15.622568142905743,-0.7638435007466421,-1.7276896010961105,-0.8392820146907385,-0.17145556734032696
20.0,-11.803719263784396,18.53311451127169,-6.225063503801426,-1.873377567821805,-1.2393688550211432,-0.12807551842174728
20.1,-10.507559607601877,17.84798433190193,-0.35595233582846064,-1.8750740943356476,-0.9561002822368834,-0.13890061222803735
20.2,-10.134213296332966,19.386550050451554,2.7858882501040254,-1.8864780016756026,-0.879278743262736,-0.06151349365542962
20.3,-16.193035246815704,17.740337853749764,-0.28670721293015466,-1.8172185689137552,-1.138536948206865,-0.153759030784846
20.400000000000002,-9.905826722668834,12.343786525514734,-1.6084085311386513,-1.6955826331180708,-1.1657190069242425,0.03504257155688219
20.5,-16.73291619172062,16.70517826802617,-3.292231106757738,-1.866605722318001,-1.2619157649676187,-0.049482130326439194
20.6,-15.661419806334067,13.151799312422785,1.8239343720097139,-1.7466393388096348,-1.3262412326444983,-0.06390230536734119
20.7,-16.049130892206783,18.023574754677608,-2.4783413410862005,-1.6722546314716489,-1.0579669824346567,0.06107021486883786
20.8,-11.803041503719722,22.423186009290767,1.9881195548434578,-1.5393120531008022,-1.1127558915810976,-0.11559806200368418
20.900000000000002,-11.755280497850459,19.53367791063738,-1.0612236779042399,-1.6420381004566857,-1.242046986037276,-0.26390539130317986
21.0,-9.292418895028405,15.79952847837691,-4.965500640071724,-1.668355461280769,-1.2769687762963255,0.0756530004774336
21.1,-12.690067002390384,15.575904314665,0.20657931175706112,-1.6120880624138065,-1.2546741635033325,-0.06494780843870705
21.2,-11.650176740345936,13.614446554648083,-4.093928845587266,-1.7225595240934486,-1.34447283822221,-0.08974170568271987
21.3,-10.596113771883452,15.885111320532049,-6.6175972101862275,-1.686082493727441,-1.2538082041000616,-0.08413496464325654
21.400000000000002,-11.681580877389987,12.756191153955973,-4.475371201200554,-1.7159967215503213,-1.305824158240938,-0.08892576500545493
21.5,-11.77477585721228,15.621635913624862,-0.15441568569194852,-1.7104108377097362,-1.4027584405178828,-0.17615309804623047
21.6,-17.82036511053233,15.972220893565082,-4.20473784513661,-1.4610059120515322,-1.3787496304475069,0.09594917220104887
21.7,-11.32709489030922,14.56620769233492,-5.986600718974856,-1.5154032123883525,-1.3068666705750633,-0.19206039965474092
21.8,-16.4803171334681,15.477654658731302,1.1702737319985907,-1.5749805311104337,-1.381731145691495,-0.10978729377000394
21.900000000000002,-12.23253874811817,10.83400754792679,-0.6987086650520613,-1.556987621894881,-1.3154443487085905,-0.006437105281334177
22.0,-14.663638956003364,14.204277539052875,-1.6993040065002092,-1.598084400390896,-1.2843329176629674,-0.08975057423120847
22.1,-15.551774871936217,9.830158453932833,-4.727680026258263,-1.4131420805049435,-1.5028167539423898,0.03619609595005249
22.2,-14.51648938727692,14.964218602743816,-1.508289793092801,-1.701283903216955,-1.4084539835333623,0.2034860524833124
22.3,-7.558066315610317,11.37123894264779,2.006460509197935,-1.4388661652896528,-1.4313468296634504,0.02690359342737287
22.400000000000002,-11.22997200064654,12.361202813540503,1.267705548861973,-1.4988309411155405,-1.5572351786688161,-0.06264103361886136
22.5,-11.586898440713712,15.9412463726137,-7.156569355286939,-1.3944855705428185,-1.3993198899634498,0.23881393118163213
22.6,-15.54229287827057,16.467349208444546,-0.6493083937089732,-1.6240226085635918,-1.459410063548233,-0.03539007214755102
22.7,-18.878251784491784,10.43425262962071,-3.614446628146437,-1.4947511597804726,-1.5021392988783673,0.007994487556172866
22.8,-14.500079362520081,10.940586822855234,-2.7413174285478306,-1.484170567173453,-1.5464144927794867,0.061934801080838604
22.900000000000002,-19.162961730005435,11.814256661561952,-1.3666354410344879,-1.5373092179198231,-1.5235880682668852,0.04967133441328007
23.0,-15.155410494366176,13.02763457204138,-0.48715669891642865,-1.3479173108887368,-1.7079350522806136,-0.08891993531086875
23.1,-13.324950632554362,16.981101866831093,1.8418954780815657,-1.36277733983933,-1.4992975944130014,0.13358438673826378
23.2,-17.55781199824637,11.507238037263772,-1.490571672509469,-1.3977487634207033,-1.6346456611849325,-0.036706411326741
23.3,-13.950119531525107,18.517200833899935,-7.3389906417989925,-1.2515226113892188,-1.3967351477111856,0.13732009111000112
23.400000000000002,-13.845310358884143,9.845254645008623,-6.243933142262058,-1.1609863078228204,-1.4636681664631856,-0.07070584704170534
23.5,-13.774300425962855,13.39264480338817,-3.353422700083888,-1.2686930910559449,-1.585721635698666,-0.005541385296529512
23.6,-14.679025592108577,13.750496568525527,-0.9015287644672993,-1.3610977737084586,-1.741773904347281,0.051732743962882605
23.7,-15.758369421581776,10.185942637962237,1.0549637720674698,-1.1393652401777323,-1.721300915312914,0.05043152171782541
23.8,-15.280842746389519,10.278369506172378,-3.003593538131076,-1.2427684523316844,-1.6730451246442208,-0.0441560650775134
23.900000000000002,-14.14097757675166,9.504551899421289,-0.8360580216435605,-1.0904813434752625,-1.745740256574929,0.10418849162067154
24.0,-16.31307631439679,8.340295135920318,-5.768713058681511,-1.2549621415961125,-1.6713947426897457,0.05788967685403968
24.1,-13.427094725358465,12.336430485200625,-0.45176825250891683,-1.2797037519394479,-1.7414040102843402,-0.12616960008279213
24.2,-13.966261809285392,10.323675915222806,3.5973474956376315,-1.2091677368844576,-1.7540946949462057,0.10137804727000875
24.3,-16.398548172396282,9.42792748805546,-9.235163227404682,-1.2743122431130358,-1.6312428495805604,0.02411536900222753
24.400000000000002,-13.874441248438927,12.322707438187042,-6.317381500356387,-0.9199595280240886,-1.8507590873393023,0.2350474512811095
24.5,-19.79877422020148,11.952518834917159,1.0080717466497313,-1.1640464552178518,-1.944986452654641,0.0027109012393970455
24.6,-17.26692212839023,8.193585548012617,-3.9436648328085493,-0.9832750215103484,-1.8840846084522085,0.06207180088321734
24.7,-16.982127831472507,14.328172957551994,-7.117887272817612,-1.1183339285625906,-1.8624929967959278,0.08612038555341803
24.8,-20.01861369087287,6.826336838195237,-3.8852934859027055,-1.03233936119332,-1.6341355409104916,0.20444483547092157
24.900000000000002,-20.63720625023769,9.094790247790561,2.2827755940682124,-0.970444721709532,-1.7229657610299474,0.19353140614815068
25.0,-19.098315952362423,8.582870738553801,-1.1007549465289186,-1.0895877449217688,-1.7621359562473207,0.00960707336236477
25.1,-19.98604253379707,7.8136655620109305,0.2218109686981975,-0.9283527069414289,-1.7659620737092632,-0.024577302085358507
25.2,-14.275978601899737,6.570452267984576,-3.021762905216197,-0.9806871388739602,-1.8789379615272497,0.17286640641331807
25.3,-21.17399825184625,9.740352448500635,-1.2026549474438302,-0.8324229799975319,-1.7240409179441918,0.10961656449667018
25.400000000000002,-13.022107637050938,13.732838418361643,-1.4620764294886068,-0.8548301651272439,-1.910270505786456,0.05717214831257005
25.5,-15.943660556271372,5.771524492340801,0.9619264608158391,-0.9868557024013638,-1.9698655090296198,0.19207372458837574
25.6,-20.288593140276692,8.976787729020115,1.0499929917253141,-1.0810813435942817,-1.6803508484611003,0.1790774249404644
25.7,-20.350864735369157,15.018386987504126,-2.160137445678593,-1.0123108268483187,-1.8852154544494064,0.05238770717525297
25.8,,,,,,
25.900000000000002,-18.276199591617296,8.988128130695014,0.19090546636659056,-0.9608326230711037,-2.0336552738023763,0.14144259385626884
26.0,-17.960395227811652,4.429735168709135,0.7262882508477,-0.7045231695469194,-2.071800734061256,0.26408321432926174
26.1,-19.425754132834196,6.969994265666363,-2.4855611467866945,-1.060359234261672,-1.8693011800412358,0.07980934282260538
26.2,-17.062080129362485,7.154225045735237,-0.9500601466255961,-0.8785948900807359,-1.9536085960450684,0.07638016846983331
26.3,-17.487247773371543,5.348835584085929,-5.410848001808205,-0.8280612177049398,-1.8412935044648187,0.25347804009400215
26.400000000000002,-22.315002553019987,7.189443758617798,-2.1588000920599364,-0.7579277686643621,-1.8523744854856452,0.21686105612400036
26.5,-13.570516469340118,6.346707806316253,0.2733963498003553,-0.5913170305054222,-1.79431345176878,-0.05562451235360935
26.6,-16.62604917511334,10.370685500049987,-2.798272493168029,-0.7177781986429684,-2.1066773142111814,0.020733709094727826
26.7,-20.125819353813668,9.17600877365067,-1.5728982101069038,-0.6272095063602614,-1.9658719980283206,0.15871935584516428
26.8,-17.575475794400287,0.9146630380448588,-5.296581904190837,-0.7474414830906665,-2.0019406191998543,0.12543781370839135
26.900000000000002,-18.03272870389602,9.481610015261419,-0.5643926959929434,-0.5137011483290825,-1.9644749663434669,0.21057479628557058
27.0,-16.850178778509232,6.150411610861283,1.4979299307976266,-0.46269721962918064,-2.2275524469314862,0.34936973826136425
27.1,-21.995273828490266,8.090344490114541,-3.8910002968732287,-0.6246788352676058,-2.066148470930034,0.19665903747488356
27.2,-15.361948655558368,4.911945941248273,-2.6500213544148794,-0.5867516323516331,-1.99137746244671,0.1486395980373408
27.3,-20.755230014101834,6.2188280681784125,-1.60253647217767,-0.5272196457948757,-1.8272757160137862,0.13328577009015832
27.400000000000002,,,,,,
27.5,-18.89182881231314,3.3346684097854644,1.5006559656576997,-0.6852826651883874,-2.170629750439263,0.19045822294589
27.6,-21.296499473725298,5.051811980184886,-0.5092542248916399,-0.2827494308731948,-2.1086608119389014,0.21109767983334127
27.7,-19.014378122347598,2.7844967575323913,2.8375502805485295,-0.5881857896365448,-2.026862294747022,0.047575662604567914
27.8,-19.299868408935914,7.810997922624579,-1.6133230535374168,-0.37672304215029306,-2.0213485013402104,0.22936080471553466
27.900000000000002,-20.337374249800234,3.864735557381625,2.3286827442221902,-0.3395509215966371,-2.1210368577865326,0.30774053711444543
28.0,-18.229253130247038,6.383477433010436,-2.6539863641091266,-0.3730522711192068,-2.1473406241082835,0.19514908746901116
28.1,-16.91943614229272,3.8477589170863085,-0.5788381289448017,-0.4460687338400321,-2.025842409510798,0.36268126717367466
28.2,-20.24127963252255,4.1892760021883255,-2.8614690456150518,-0.3499282267159259,-2.1483507202537715,0.2109806426592781
28.3,-14.660774608561836,-0.41653847339508987,-2.0702982938749557,-0.3970070176951616,-2.0986099256380855,0.37525052859260266
28.400000000000002,-19.167670935231598,8.138776543731474,-1.3207836961383226,-0.38002391578888595,-2.079616473942164,0.12595104143311436
28.5,-14.78206820337623,1.8822367410560017,-2.0276118061874007,-0.20309925090572617,-2.072787839313135,0.013080334675800026
28.6,-16.873012703506333,2.695577549659973,0.5234503508454518,-0.345657112044885,-2.047323801022188,0.2447147028022895
28.7,-20.56816764790189,1.6319159051764078,-1.6002513350818184,-0.16522594371204058,-2.046337897089906,0.08244990872189001
28.8,-19.442853850878894,5.043873984898529,3.0538177493316567,-0.34874572862984043,-2.013836193189722,0.2557350939918002
28.900000000000002,-17.00647087372851,6.946542163706454,0.39741947100357244,-0.41355491415180407,-1.9407287100637773,0.3144744510967926
29.0,-19.470222909070166,3.2673778007201997,-1.1278979987314877,-0.06826845040673746,-2.057306929907839,0.1967640507547546
29.1,-18.888698601414898,4.095718691503275,-2.8851250414713077,-0.3036076435974422,-2.0031176039000305,0.24569486058419265
29.2,-22.57675223908373,-1.9619550336450402,-1.1019691940217444,-0.2331527208961237,-1.9421635380952722,0.11486502136004162
29.3,-19.833511214825123,1.8336109094337747,2.2697912803758777,-0.19753962797586094,-2.129310618858855,0.4471384008947648
29.400000000000002,-20.690003348900596,-1.4955891680992086,3.3913601989872877,0.02106700007998233,-2.0983419036196316,0.2064050293517547
29.5,-23.043708560433856,1.233090838290982,-3.6984290379933933,-0.16891705316155436,-2.080158774235266,0.2605807890849132
29.6,-14.652875063421149,6.545079456497641,-4.118056661681081,-0.07162875755734079,-2.1357175543195646,0.17433707796052572
29.7,-17.263304742577166,-1.1224017652773322,1.251339382814323,0.013443442821945317,-1.9337522117233399,0.2631203497581075
29.8,-18.93141579960026,-3.2060435041999282,1.449164481047573,-0.07810879531643991,-2.109934968872849,0.10776827480763931
29.900000000000002,-15.005656997657681,-1.681540589486759,-2.012762268420154,0.10208936784710934,-2.1149532135231603,0.11139300491865588
30.0,-26.49923690224578,0.8164652285989686,-3.0818811608054566,-0.19795579690021234,-1.9729107928168266,0.30378812471285216
30.1,-20.186630312995838,1.1772128163577609,0.6140668909940964,-0.10005328539207209,-2.177897878950139,0.20907288252692438
30.2,-19.511119475933093,0.2146584854512965,-0.8858282211804881,0.03793328844959096,-2.2000581698707014,0.167839392389269
30.3,-19.45758259698782,0.5454453580081384,-0.26446379635581857,0.12745593687297951,-2.2147832820607216,0.27359173990235236
30.400000000000002,-15.950779668937825,2.071704899087141,2.0491991902554054,0.12091150301739936,-2.032500397928854,0.1416370129307561
30.5,-20.686061935411256,0.8183073425841572,-1.518806784309642,0.047714540193110014,-1.947493627162529,0.19055412826857504
30.6,-22.89932385686717,-2.6857405707779973,0.16110061528355032,0.15293176012653242,-2.1590962118053487,0.2326688681602002
30.7,-18.4135800200136,0.3354242127211329,1.0276340454842803,0.016357849018791476,-2.064242516309228,0.1427014025056862
30.8,-17.582150396948336,-4.97928305280497,-8.937548705748238,0.20392831945306905,-2.141073924861566,0.22107923489851503
30.900000000000002,-20.10738865403675,-7.947740638055922,-0.21457515298370866,0.2617506868917991,-2.126101672965731,0.28201819526939575
31.0,,,,,,
31.1,-15.888069351542592,2.371914151104131,3.0744583001629113,0.3486042701393972,-2.108356841730458,0.13096663652668578
31.2,-19.654528702849962,-3.4257860349668583,3.2868038248185987,0.20439857030947226,-1.9877472904990734,0.20865388737308588
31.3,-16.298952767783252,4.0603288189287525,0.5058266504163532,0.4475507818059935,-2.158947309373633,0.1049046832555363
31.400000000000002,-20.708838269706916,-6.121507240272697,-2.545186186369836,0.3985962181757462,-2.2358058894997423,0.11549398694002498
31.5,-19.264483203099484,-3.791082198323717,2.6874623580761554,0.3406050652275702,-2.10603557527435,0.03106628474282369
31.6,-20.376188418236616,-4.938702260499278,1.2869516799960965,0.3955884035599597,-2.0433551217007855,0.2935491523580374
31.7,-25.64545126264231,1.0228502461897868,0.6205713581366751,0.2201115529356135,-1.8936757119677778,0.25682036888116083
31.8,-17.4797378439207,-2.441950607876713,1.7367858543508692,0.22522127268430375,-2.081622022656538,0.04470342581327674
31.900000000000002,-24.333753453594657,-3.448759551982614,0.9486517719304297,0.4128778482533277,-2.0639748099871102,0.2083438512844877
32.0,-16.639199468124538,-3.260060905873453,-1.4357910002285594,0.4143471662046269,-1.9425471110550592,0.13126039513502016
32.1,-20.088504137247043,0.13681279540298075,-5.4054513993095865,0.5583137650513114,-1.878820592586678,0.07150532391623513
32.2,-18.160521534048005,-3.0187174792311344,-3.738484303348876,0.2970277955780231,-2.060779893581853,0.2520403918051961
32.3,-17.318813843775843,-6.937472181322317,0.9020957590759137,0.4834135319038072,-1.95929521299111,0.23736825137272244
32.4,-20.873623007989096,-6.753024094675424,-0.41357287824118516,0.5676833851913725,-1.8864542595668958,0.17530908226918857
32.5,-21.845106355297382,-5.41151242775602,3.585285444153221,0.513675025544493,-1.9451275992403418,0.08613621392267698
32.6,-22.943502289062103,-2.139219651289755,-0.3826247001685037,0.48210867329698187,-2.0542522032995643,0.2707516355104817
32.7,-16.597463726185723,-4.8848522531051115,-1.243485409805335,0.6474804931360294,-1.8953474969220596,0.2406365641862438
32.8,-16.879908852373248,-5.502127679191777,-0.0843234464725795,0.6015506736517839,-2.1627977392966953,0.036855235144213405
32.9,-18.466661462241525,-3.79540368884161,1.6771747486487483,0.6438182707879876,-1.85653039455681,0.16064349422228422
33.0,-18.770124334205494,-2.649950600753003,7.728202473887555,0.6503974161505186,-2.0846122144561745,0.13464594360456406
33.1,-17.518260655326408,-2.958725068929504,-0.6311644350331023,0.8712464487769142,-2.0273946652355646,0.04397055144569788
33.2,-16.426999767895893,-9.601963497092274,-0.039152263994580716,0.8413648396352611,-1.9934196903049244,0.05839919805420998
33.3,-21.57787269190772,-7.5983105462043925,-0.8318470643494116,0.6121931544848864,-1.9681971329166785,0.13845111928763054
33.4,-20.726052863099223,-9.513055789063264,6.232852513811501,0.7230984874857787,-1.7920190816048867,0.1659385166083183
33.5,,,,,,
33.6,-17.844629443636368,-9.641547363156697,0.9399814765944319,0.7939724255424202,-1.9613531998030473,0.27423446096956106
33.7,-19.81272100929658,-7.600667170095482,5.732708973776296,0.7212435502664765,-1.8520907863981688,0.27037081267439567
33.8,-21.588676584224043,-9.363437249094778,6.991268116020149,0.7507659038586315,-1.6907240233338998,0.006659448712750621
33.9,-16.715151791941974,-4.967563201046057,2.497098182341987,1.1136263451318638,-2.1097514909786934,0.12393321916680242
34.0,-17.101226420511658,-7.071726999418928,4.362190540311915,0.7921947503251844,-2.0102893508155932,0.11623199253065003
34.1,-19.866178660358095,-14.379818218214357,5.6620894923507095,0.8428315070980005,-1.7363180912907223,0.18508385729831928
34.2,-19.755941657638505,-12.002969000287315,2.0875370012332555,0.8683293515383985,-1.9150504712280758,0.1070174152996974
34.300000000000004,-15.42657842083361,-5.912795207836439,-1.4726382914479992,0.9558592156774743,-1.8720202828995833,0.2167468211623108
34.4,-21.89942710840736,-5.398004486175896,2.7207395997207247,0.8322355631057123,-1.7964910642163123,0.1710604610129347
34.5,-18.807458194122752,-11.186106302221269,3.067064290144375,0.773262953218541,-1.8204024535939265,0.07996626467560414
34.6,-20.824896919307058,-11.585073662000044,1.6530453839292711,0.9300995390304867,-1.8351903377492171,0.10179084509347794
34.7,-20.250852573549725,-11.285371273740466,2.28572553564285,0.8198167851908112,-1.7929410907564312,0.011808997433494686
34.800000000000004,-12.152239482411396,-10.955119366412106,3.7267837277019007,0.9970263706045133,-1.7120975131038296,0.20716493668062988
34.9,-19.275602065368584,-10.629603107649267,-0.7360275114161525,1.0003176180418851,-1.6854883065076631,0.11391534937224525
35.0,-20.409208069148686,-10.25683140087945,2.0668247520071894,1.0712814769336123,-1.920251795252453,0.09735861930461918
35.1,-17.379018379246066,-12.064973228614987,0.7263035045405906,0.9464796155962267,-1.7281180228811568,0.03746391409808708
35.2,-16.275603376998195,-11.3961488727085,3.6061356748091327,1.2646388959632375,-2.0004314108869075,0.09560616278856121
35.300000000000004,-16.886248585817004,-7.412098710191655,4.942105262177006,1.095815581390674,-1.837418123278382,0.17629936465657725
35.4,-15.616930854987654,-9.77994401910834,-3.311304566906115,1.1350315172739807,-1.6235153397986801,0.010925839301430262
35.5,-15.027942746823213,-7.802413218150702,3.031115709854621,1.229576693074178,-1.6451355762209166,0.049567604075024675
35.6,-13.913248882887586,-16.296474391544017,4.672232103516027,1.16019702530585,-1.6293991884543546,0.04367696092997502
35.7,-17.44804177784214,-10.754355602504013,1.9243652219857081,1.2572584796487747,-1.721463515975566,0.0216059151574809
35.800000000000004,-18.539636493577195,-7.110858053216617,0.9731390389715048,1.241609555813298,-1.7434659836192758,0.2241342144265862
35.9,-13.637508526615477,-12.288698358227814,-0.6477299574490125,1.36748246836705,-1.84612528525224,0.019842606201749755
36.0,-12.548157340164211,-14.520629193828102,4.4700658919439915,1.0054922686868948,-1.6954865521056313,-0.06848950351043258
36.1,-18.546071041798204,-9.695779783540196,1.094613882381425,1.2402394787949986,-1.6936348854121488,-0.008579377130316916
36.2,-13.061333663573842,-7.580965905519993,-0.23655790531243004,1.2120743954136395,-1.5429123499036348,-0.008126503316247466
36.300000000000004,-15.350635167801823,-12.863017206880947,0.9781315538835024,1.2676898735826936,-1.6908601134557855,0.04144621535525574
36.4,-13.768658627163848,-11.942092358918638,1.7026670645749264,1.1885874161401149,-1.6453780668797209,-0.07440728060497825
36.5,-15.064635845114012,-11.816241982294832,-0.3718042293212478,1.1763127984164286,-1.6265057734714046,0.042142369252164705
36.6,-15.837130367147376,-11.717361367726792,1.5479563973195696,1.3543485063773069,-1.6570597408736145,-0.0285237970824272
36.7,-16.89591009754919,-13.54973974922272,1.8009510127498174,1.4506822367108687,-1.5380806389552404,-0.018210200135031405
36.800000000000004,-10.465405150832623,-17.640187875583493,0.30800969680812074,1.2244696615703474,-1.6879902052766853,0.04546282499422216
36.9,-10.845359168392893,-12.698584239782917,2.697955765152554,1.3974292936216242,-1.6115825688216863,-0.12145056847037711
37.0,-13.703001622753739,-11.61994165335213,3.7037132928756096,1.3806516750111077,-1.4346343418809726,-0.05478541987070869
37.1,-16.24820508801821,-11.180016382257406,4.117928030400052,1.510579878431269,-1.5553307260555418,-0.0007063517245808407
37.2,-14.921968209432661,-13.04387995937796,2.7674978881049914,1.429075708874397,-1.4287705831379443,-0.0352506113373679
37.300000000000004,-16.33069865769662,-13.6202521408154,4.783137659205359,1.4222706503810822,-1.5189003182883856,0.009040020065331557
37.4,-17.51699952782195,-14.918301868599482,2.338652859262073,1.4931299747354665,-1.4866238125897762,-0.13802827349738422
37.5,-19.045586567123173,-13.661418280590084,1.7883742966533014,1.4414670391421365,-1.4358054728311271,-0.0014726843899712004
37.6,-13.253265280202474,-14.300966637329577,5.6095424067733575,1.4544681621058393,-1.5033752203799704,0.1272329116595464
37.7,-10.17122734970011,-16.036992007825614,-0.8445851167170271,1.3982880558627233,-1.5448332953507005,-0.05255295543971726
37.800000000000004,-14.568043747368526,-16.47758627090014,-0.7340448161856234,1.4994681230402778,-1.2656097075766026,-0.05364405801634198
37.9,-11.988020285887949,-17.008209087552146,3.49880988332066,1.519095915170204,-1.2786295810165347,0.09342536267966878
38.0,-13.707323173218537,-18.2124677880129,1.4972240315887584,1.4842420019616023,-1.3599028652726148,-0.017746433298413647
38.1,-18.06639333796927,-13.938332281088112,-2.4714794476792896,1.6353990397277263,-1.2793103733075684,0.02651908859142276
38.2,-17.404999229573768,-15.53656482301536,5.419290973586264,1.6883798460587118,-1.383610563811118,0.07620503769962207
38.300000000000004,-11.486621938698834,-16.200942730307073,-0.011831420916009971,1.707940201376597,-1.4258559163414601,0.008961363693965024
38.4,-9.000719781808066,-18.834320500018876,0.49834453783963073,1.275915753983748,-1.4525115703862994,0.056107944346855024
38.5,-14.40845628182338,-14.93495784898756,-5.513207170762701,1.5297689952422737,-1.2361541448699198,-0.00232568893610368
38.6,-9.837111342309921,-20.52535078032958,0.40080692937697227,1.692467694373224,-1.2821066919238164,-0.07916815544753047
38.7,-10.070719616230047,-18.27726387758921,1.2067222168608005,1.733547943497402,-1.264754352316395,-0.002344078154707871
38.800000000000004,-14.598002781623151,-15.770634001397152,3.598382731067024,1.583360888980162,-1.1912028433879318,-0.06581580677732488
38.9,-8.391110251492425,-15.066357326802402,1.5363525087940668,1.7086990312196084,-1.176227890614898,-0.1680751471417114
39.0,-11.34803158323283,-15.23260876529354,5.419131738691222,1.6989547851477271,-1.4496822271344922,-0.23866829446433063
39.1,-9.353137548866316,-21.425048739017654,1.2142859037436569,1.5909783315125987,-1.1700098686217872,0.013719465477547765
39.2,-12.740264584191317,-13.555095503464605,3.330331366183663,1.73385780963071,-1.0587373192228156,0.020170148830463128
39.300000000000004,-13.766996094322149,-18.89257117499254,4.184759554106433,1.8571738084128393,-1.2299787805916835,-0.1296573803394187
39.4,-10.077905253040152,-11.08745445230358,0.6538792336164818,1.8998573544668473,-1.1265685929820408,-0.1762538479142159
39.5,,,,,,
39.6,-9.926633369432977,-17.324934148195187,0.5397014338564341,1.7613016680287084,-1.171345966001783,0.11036616207970874
39.7,-11.568412473035371,-17.950248576844302,1.1808536453407816,1.9494015820983381,-1.100928008120448,-0.09716709330226403
39.800000000000004,-7.8293635747977515,-17.559157062194483,1.6586474171359522,1.8682570943685775,-1.1385783002543626,-0.09116138848524707
39.9,-8.200670651929912,-19.77955425258255,5.56226353078176,1.7366488034476795,-0.8917120442793859,-0.10823879361156688
40.0,-11.840849640003192,-21.062535828721078,2.430880042923598,1.7705973451994779,-1.0794116657505746,0.0032763198244302044
40.1,-8.80578240858999,-18.659365189318937,0.5960770658686594,1.9230572014833238,-1.12361578873082,-0.08638606482842907
40.2,-9.774160018090747,-19.357007527296687,-1.4727267336194103,1.6992495389575948,-1.0730356465730684,-0.061908256541608336
40.300000000000004,-12.220560744479013,-16.048248271490078,3.1962089567010983,1.773512841360755,-1.000551420357781,-0.1653050496986344
40.4,-10.505582978861192,-20.486196066913397,0.21027994386184412,1.8633893019451349,-1.1368487674715095,-0.06045738859808038
40.5,-5.6520226710826496,-21.29764586049921,0.4860747906490728,1.8880472164165492,-0.9751315535676911,-0.07665749311156732
40.6,-11.467741522140532,-17.80016453722757,1.7412884539712532,1.9293733012563934,-1.1698481378129992,-0.046343503835625965
40.7,,,,,,
40.800000000000004,-13.631289784668315,-15.97938273175421,0.8297196982974795,1.9821633475587592,-0.7795507853617628,0.022989534517628085
40.9,-9.754926966823627,-21.834846505557667,7.983565603929733,1.6175542760528416,-0.7640478728277817,-0.08688657299982047
41.0,-5.59765433791951,-18.689775358767232,3.447028944039717,1.8690906612218021,-0.7610807230140689,-0.096208328051229
41.1,-6.232830879148103,-18.13560550350906,3.0072622624419196,1.9837608670598053,-0.9358207403787316,0.04936714333738537
41.2,-7.435639961480385,-14.2510703183691,-1.9293434126204523,1.8778233788613825,-0.7280306435959178,-0.3417992790640959
41.300000000000004,-9.008253794163023,-15.094397397468324,6.092975611430244,2.095075464007718,-0.6779438967238338,-0.2862266161910392
41.4,-8.795934461676607,-17.533944033174656,5.654973071838959,1.97543388718105,-0.877210672128644,-0.09739134910963174
41.5,-6.717673785487637,-18.84544317896803,0.4164679851407518,2.010245361827178,-0.7375773096257837,-0.10984869904264766
41.6,-6.783445545859689,-12.876090795680424,-0.5875319544053681,2.081982740453359,-0.7392081815598056,-0.1516433295628727
41.7,-5.466598523073539,-17.65119211956692,7.0661476046282505,2.0837365703709327,-0.5998378039723107,-0.19094560969337063
41.800000000000004,-4.384864730209717,-19.51226385087831,-0.15910043839704335,2.0959903252737915,-0.7494489238909552,-0.16550230175554237
41.9,-6.988451145860339,-18.324744026070626,-1.1577344407451862,2.1105775535446227,-0.6557457956175888,-0.27366037990319486
42.0,-8.264834050019278,-24.677205081488026,3.7128597234926457,2.162285321197803,-0.6635563143885471,-0.12375524675511919
42.1,-4.415044170321758,-21.385249888147435,4.159113413732539,1.8066375131633787,-0.6148618278791291,-0.2568453860398302
42.2,-3.922720024783057,-16.54100233610326,0.6534993187106357,2.1389374599044273,-0.6004444700339008,-0.27293805144207156
42.300000000000004,-2.83276015663354,-23.771213840711308,1.5326298323712697,1.9103803453318644,-0.6634079766763286,-0.19549824362707802
42.4,-8.511469427095909,-17.572746854616437,2.4653889997179173,1.9720487295497007,-0.485263978578757,-0.10431343337816505
42.5,-3.8691391752028985,-16.55386762351046,3.899834459095945,1.9926550532135927,-0.6300447084805977,-0.4035458156721148
42.6,-4.63028852287257,-19.997093361551073,-0.21456988210926742,2.1368521025416842,-0.438809319204576,-0.15615828517179922
42.7,-2.5558676233840214,-18.375322967428094,-0.7742997874714611,2.111951911473732,-0.5892879935918134,-0.29113270756930004
42.800000000000004,-5.8797670311744525,-20.65969707711562,1.001372077867763,1.9777873230254128,-0.5617321338260777,-0.22179703789682206
42.9,-4.669558184466659,-21.940257799923987,0.9033012206292175,2.169220344929725,-0.4498576963506364,-0.24918497923203697
43.0,-3.3434974291722313,-22.810924540863056,5.191620495424282,2.057063849866006,-0.5677119735573031,-0.23402408484507356
43.1,0.30598711406219126,-22.450968054065317,-1.6843658148693583,2.0102826649081487,-0.3092531284027763,0.02730730554928701
43.2,-5.3326092374502325,-17.983022863099755,-3.0482274980548776,2.0480736685114684,-0.6193196829196272,-0.2622088944950046
43.300000000000004,-5.814031650207145,-19.516486509698563,-3.4047135760540046,2.2383980227256832,-0.22345997541821866,-0.03845211327371681
43.4,-2.9564206147619703,-19.892301358666593,-2.3413239070322245,2.0623833376340115,-0.3911550473348531,-0.19583768057973622
43.5,3.019415089099083,-18.89237183353046,1.4512335409704509,2.0647180785870383,-0.3864896315261723,-0.2627362884952912
43.6,-2.3257866867463806,-19.8046446884753,-1.6171476786158185,2.1432553664921294,-0.3188650870958982,-0.21698079833721473
43.7,-0.5368212713807448,-16.44980697233542,0.619995195418586,2.140121519471016,-0.18308353517654105,-0.27164324905366166
43.800000000000004,-1.8263933500475589,-17.105596680710786,-0.22329795191976315,2.300692454657515,-0.23695533813227018,-0.18077157157647838
43.9,-1.94505441147014,-21.588289750022344,-2.508638326528777,2.1871625706282116,-0.13601918715905464,-0.20051417657676415
44.0,-1.2374239549571828,-17.11693729112612,2.6758079526704988,2.078710007534899,-0.1721590564161432,-0.05609232150273141
44.1,-3.36330738869315,-24.437150212943727,-4.293203408552841,2.027107091576455,-0.19755961249495363,-0.15287907924136684
44.2,0.9782878687539265,-19.000864645658886,-2.6277135677351975,2.1595420558234144,-0.16818451003083698,-0.3162480909431161
44.300000000000004,2.4059038047515524,-18.120493249872748,2.0162072333894465,2.060695165409146,-0.19662557690263882,-0.19284697094623765
44.4,-2.021189247962975,-20.230287281057024,-3.1838505394445704,2.187392537861621,0.06870493783577428,-0.4319249066532194
44.5,-2.4517987299466695,-24.725793961097207,-0.2686549141653065,2.0395625096392003,-0.24177071713489406,-0.10769130539608265
44.6,-8.220151271635848,-23.74729048574742,3.167788230564644,1.9843650085040532,-0.047709443073551905,-0.0956356859617668
44.7,-2.5072529640808847,-22.532472624021725,0.5306953504183318,2.25288863794428,0.11829925323072549,-0.2619934108266452
44.800000000000004,-0.8163060904310842,-20.337689825963274,2.063736538961849,2.042673171770202,-0.07358247775201977,-0.1392262146362463
44.9,,,,,,
45.0,-0.5737123658152844,-18.846413767954374,0.5279777292864191,2.129698878055092,-0.059157798404897675,-0.15053881407963185
45.1,-0.33457195455209454,-22.008353112961572,-3.8602023956119305,2.1573113610006533,0.176879672644914,-0.2713848912078686
45.2,-0.6419289746371776,-21.698900098348478,2.6530074368568046,2.174125621431562,0.07920343112641046,-0.23484605387487345
45.300000000000004,2.6892514991375425,-15.795490921033482,0.3981503486003505,2.1289446052856507,-0.04994193697930792,-0.1364924540270005
45.4,-0.24779889602080107,-19.264919441602842,2.7044514279713674,1.9524080864592486,0.09524003466512815,-0.29832691492940727
45.5,0.6909571701322199,-21.161630270700485,-0.20814425309086187,1.9082526072140356,-0.025345899866235144,-0.049362796835652145
45.6,5.016752835230723,-22.10772598455667,-0.9772804012594067,2.1222634051532685,0.10128371507964315,-0.2653352327459339
45.7,1.5340926424812606,-18.90914544576962,3.3886535193957514,2.1691410140152154,0.03864021834395526,-0.2477163295176821
45.800000000000004,1.4795313571459976,-19.543645537031388,1.575152758854177,2.110456958126949,0.001578457290322105,-0.297393403770862
45.9,0.6124580660588037,-16.354460824540233,1.6998727791011397,2.0809062636906575,0.17116593474723246,-0.309550021490687
46.0,2.7502420248563015,-13.403442244299153,0.9794618641736317,2.252417916982224,0.14841606142535702,-0.030627119702082317
46.1,2.7802321497479165,-19.308987977044485,0.3621548693835138,2.096167171917637,0.17183755940109302,-0.3021070615514103
46.2,0.4548281580259155,-22.27698040680894,4.117005415316482,1.9251300095092523,0.2683552058104395,-0.12434939603357649
46.300000000000004,2.7480562256372445,-17.65037280550269,-3.7321967564303997,1.9759788659684285,0.36240344302962363,-0.05985512974833512
46.4,-1.6900400825508326,-21.707687777330786,-2.386379515785796,2.05742562397477,0.3098868890813051,-0.04679315123759095
46.5,3.295844755604222,-22.662473014606224,-3.4431912455620184,2.0415002907639064,0.34390939236365436,-0.2587701750465798
46.6,1.3095151854525948,-19.40469422366514,-4.413180045207258,1.9319155762045839,0.4659252900381065,-0.24322662026835395
46.7,4.07190654406539,-19.70469937333606,0.7182160874956577,2.1464880917282514,0.29599639931698385,-0.1876336933881751
46.800000000000004,4.5636594547490015,-20.74868043279238,0.24849211139191918,2.0489023558617583,0.32236215031151527,-0.2119069888263559
46.9,4.282049152146669,-18.515882983174592,-3.7051266131535305,2.153717658799029,0.5021267530992011,-0.25375971271565
47.0,4.395764791275978,-19.952504446448252,1.0551307161458192,2.0893290969823974,0.21815680813322683,-0.08540360290921763
47.1,3.537467183390627,-15.586753792402622,0.35564149058168826,2.011219831760291,0.6219330210255957,-0.18538800144931875
47.2,5.602436984375922,-14.437739171089117,-0.38502233663099084,2.0076810624520376,0.447112849147235,-0.019918686866951363
47.300000000000004,6.160846849939894,-18.7037314196907,-1.4097852739254444,2.3061154127258434,0.557263564594458,-0.13668275192635254
47.4,3.5826964557331946,-20.01196389809417,-2.0725203191458625,2.130211679626437,0.7519189453373989,-0.2865263515803238
47.5,9.197780375924777,-20.407342944618012,-1.4458784598423304,1.975051000000849,0.6197108223014356,-0.17208761000035283
47.6,3.349566324584159,-19.987318621377415,-4.576974763121279,2.1845836787276043,0.6482465180040284,-0.17595202046478267
47.7,3.520250302093812,-16.180934306975836,1.1521667461783394,2.027818554716835,0.48967693648317345,-0.3583780037627306
47.800000000000004,7.894492818726457,-20.423061354637742,0.5122149193887393,1.9563370639296476,0.7359581666325419,-0.29002854130777567
47.9,7.361513738001254,-18.625494876860042,-0.32385234454680334,1.9713720006956017,0.6485261688727182,-0.31408956472412775
48.0,9.248287319562866,-18.01389970025068,-0.8888976304916134,2.2079406065398914,0.7341107000824523,-0.33376889450091307
48.1,9.370118394887584,-16.969389423540523,-4.354222244375758,1.9079343793093384,0.7373474834950733,-0.06800865885096109
48.2,5.911686497734111,-14.410290283318247,1.1625552160831432,1.8731712490519081,0.5977698482078337,-0.10894911125445059
48.300000000000004,5.856945241934292,-19.534064974510972,1.0781686314594419,1.9676530214096173,0.6678346811268601,-0.19182703897337666
48.4,10.706617115019807,-19.17586952337351,0.4159687729108563,2.0534152720068453,0.5454766631922315,-0.19147980407294377
48.5,10.189039529940107,-18.059560080051284,0.6842643364044305,1.744664863906033,0.6272467268261356,-0.2430777530103169
48.6,5.068994666400586,-16.264471174249554,-0.12994818656772145,1.8210634923668754,1.0103220542302345,-0.12770549191957176
48.7,7.063423511152505,-19.608111070594166,2.1626022338304423,1.8214236860817226,0.7313537838463448,-0.25410914368162957
48.800000000000004,9.855221316505322,-17.898911181338605,-3.484451668541781,1.8474506069726897,0.8364007563475,-0.1967118286739876
48.9,7.922811871274882,-16.117453301880467,0.05231676379707362,1.9784353072885477,0.728198872124342,-0.24382320990190787
49.0,3.742745175038994,-17.22127838938639,-2.168201364161253,1.8708623048036548,0.7372648274894205,-0.2360530346384816
49.1,8.821943879301918,-16.09528406323841,1.9988138292237554,2.0835791169419484,0.9669681368596491,-0.3046041113015532
49.2,8.955893375495863,-18.917708187304438,2.577071865061297,2.066221921199228,0.6398633819287514,-0.19661792279789087
49.300000000000004,4.652263389632801,-18.507177951625245,-4.545523171225257,1.9097973576444727,0.8784467610344127,-0.04424660307665394
49.4,6.704671827668737,-14.81516450171351,0.7833492801125572,1.9846670406668099,0.8152629661999371,-0.18783986590729584
49.5,4.578444639308292,-18.365455825871305,-4.666309487621335,1.8715884933495486,0.8088749606161176,-0.05607275181228852
49.6,5.933687717948976,-14.559540633306531,-0.2585053233104069,1.930175858281239,0.9658203232734138,-0.1891593064423977
49.7,8.962222066622218,-16.893482510172372,-4.9711081786962,1.7936365288469673,1.0511104798524,-0.1308663977492342
49.800000000000004,9.447543988932756,-19.935382830649118,-0.94858273948682,1.8256889059130854,1.238782409699758,-0.1463697523232459
49.9,12.346453696972068,-15.87083176477989,-0.23514661649801782,1.9060940794328982,1.1077983116387728,-0.1725163553528369
50.0,10.477566421697249,-14.574971140018667,-5.750389325497205,1.902761066470406,1.235870104211582,-0.18423123435733135
50.1,8.176705028975277,-12.685324845827152,-1.4707842531794468,1.8327169788282418,1.0747279580047755,-0.21400870782085346
50.2,10.432473090192577,-21.81047562235109,-2.3170800300744725,1.67242894739363,1.271547911066004,-0.17827863026683105
50.300000000000004,13.787725365787487,-16.254569037542787,4.681132105867709,1.8333707611722374,1.0385435940213483,-0.12081838087167465
50.4,10.617655771905786,-16.537590996528923,-3.0589670919588285,1.802515696040553,1.0806360759392264,-0.08340008442593577
50.5,6.213797668878933,-15.023709296928168,-1.2494361003122236,1.586887251878357,1.1144778029427835,-0.06886222021939015
50.6,6.5691103932170645,-17.85252115555775,-0.24158518833980036,1.6664111857822408,1.1740531475806213,0.005232318612840514
50.7,18.404792290906144,-20.55460576506519,-3.0452682025203455,1.5619616019550697,1.0874537846094208,-0.16648279721664472
50.800000000000004,14.204740111382533,-15.816876180969665,-3.558911466206278,1.6743262020351426,1.2232439132614037,0.042559934698589666
50.9,10.138335206302227,-15.96477913194979,-1.720826923322247,1.8568183470061246,1.2755917159926458,0.00852079031595715
51.0,13.819692978902825,-15.405901903302965,0.4439758368035034,1.5671944343425235,1.1824185251069352,-0.048422337890025056
51.1,13.21124439032169,-19.292637481875595,-2.4687828702987247,1.5666325816415683,1.2065568403519242,0.0003261102565850077
51.2,12.528240749693175,-15.172812826128524,-2.687702804108678,1.5343703652834348,1.2680969092284982,-0.05328117771300517
51.300000000000004,13.558828493129292,-15.702009512181544,-1.328092523962478,1.5338774421364585,1.3433931869326854,0.006920638776869312
51.4,13.702308180778266,-14.732023538205974,-0.9020826008657521,1.4146958525156967,1.452252085812388,-0.11759107022353835
51.5,12.832450722267467,-14.62335714167149,0.5877398807346614,1.4231883421158844,1.4043645382661156,-0.009830952324325556
51.6,9.122975591766766,-14.29190830190666,-4.88140492590855,1.4492415113648842,1.3398387236725304,0.02043400262856155
51.7,13.687613238531414,-17.245559623905976,-2.246220059310685,1.59862862382733,1.3618241061599787,0.10607112021447188
51.800000000000004,10.503141528371755,-14.028439596161588,-2.5778064444673117,1.6417299493093724,1.2930823966114702,0.030316182790542514
51.9,13.845320862641305,-13.9160752915514,-0.5510254724726191,1.5902053795323774,1.3739563253120723,-0.038540239202488995
52.0,13.118632334115622,-15.636959965390432,-1.8351818587034485,1.37364841395544,1.352343118429158,-0.08565478341692077
52.1,16.167239170462878,-11.506541589525424,1.133706730419836,1.3715148296577113,1.3797730236331214,-0.13494675438936604
52.2,10.906495113997824,-13.734552349064183,-1.663934880143142,1.7246309642440745,1.5747269285028573,0.026692654226620927
52.300000000000004,12.348834314669793,-9.874405834466732,-0.731092252528643,1.6289857747699643,1.3458146935029143,-0.12516911086262533
52.4,6.442915939363577,-9.454768345412315,0.21091723134404772,1.4689980026943243,1.454368304102242,0.009748824158156626
52.5,19.346539472282906,-13.976016173228551,-5.236464334144825,1.5759682974453788,1.4651979892725744,-0.15147647058218675
52.6,14.770075171148598,-16.62935184593667,-4.639600024035619,1.4566146265614357,1.6054208820400864,0.10922972507398883
52.7,11.85148764840663,-11.458334280219672,-0.4834547862847667,1.3715363460057453,1.6921452468040703,0.10967624917680713
52.800000000000004,18.038836372585724,-18.718445882899754,-3.793535179097946,1.330639788725578,1.5661664837591658,-0.0471845127466329
52.9,12.435978525835647,-7.639827459554424,-4.738459716933418,1.42690308286875,1.5810032470080964,0.02192848123169241
53.0,21.336230748185823,-16.973472866167143,-3.5214634425223306,1.3941757083087392,1.4450914224377094,0.04402912295254324
53.1,15.08687712555632,-12.682081627179851,-3.6896026610718033,1.3166635822928678,1.655581600484934,0.12182788159037475
53.2,13.81769394574052,-10.017372347894419,-5.200978518023092,1.4139405777737082,1.5663598944223482,0.025947268435808052
53.300000000000004,17.049682692179484,-19.791551125056138,-3.2131771741503017,1.4074672106124515,1.7527063563970513,0.2840205335127064
53.4,14.521623078953134,-11.654108471486579,-4.03396689714435,1.267824381862327,1.7689394728179235,0.044642038636840214
53.5,17.087860498794992,-8.421468607155415,-2.8416138864922518,1.437240843177133,1.6324459677185674,-0.03530769505308489
53.6,14.878847161284803,-8.005223863947494,-2.342076784012619,1.294871035165246,1.6648717484747235,0.03392452397489372
53.7,14.039383434340401,-12.44002379455921,1.2076930760886915,1.3202096987883793,1.6809327864165708,-0.058323272663825206
53.800000000000004,16.68275133906623,-11.203531166107059,1.4319743055012035,1.2751912647563597,1.811353712489125,0.13848925142192273
53.9,19.472069917175897,-11.902921561887112,-1.5093279471710537,1.2397763021124135,1.8213917540564064,0.05468272710868861
54.0,11.838452494031955,-9.898036149263008,-4.087509147085311,1.3227333954301856,1.8130408201875619,0.18691821690059301
54.1,17.756470191007537,-10.021816397913387,0.2666579229302761,1.0223247994443687,1.7954164562359944,0.13903781678318494
54.2,16.220215337746012,-10.228660483337347,-4.1799684423209085,1.1003510234125624,1.7389944559727206,-0.1461377749463607
54.300000000000004,14.191968423349737,-8.925427703573241,-4.022971726205408,1.1206723563907435,1.7898302027734359,0.18157374267669393
54.4,15.053937318429519,-11.057812047448516,-1.7029832576031863,1.284908255933008,1.792437420583833,0.0792682622701516
54.5,20.49169893598623,-12.679403469387243,2.655283396890563,1.0352854530813205,1.6728459518224674,0.18114789004618204
54.6,16.341179716595885,-5.435323463115165,-0.8967285035955528,1.177177290396539,1.7994685304572076,-0.04180824838998175
54.7,13.923279423183445,-11.904079426439706,-1.5411702721550373,1.052304457664057,1.8328509418123307,0.23396884047156447
54.800000000000004,15.662254872864244,-11.967217961410759,-0.9675378992368124,0.965319102036414,1.8563221518041395,0.19305355548820693
54.9,16.08923543850325,-12.526659257490738,2.946743049125473,1.0221853686784172,1.6578173808590813,0.18419018315301777
55.0,19.625922598791142,-8.174166678350474,-2.458519908968163,1.022441902372641,1.7766625268653498,0.21562937507521612
55.1,22.885435664452025,-9.536253431829866,1.9755666276241644,1.103130873339977,1.9142114508262495,0.04794914590301041
55.2,16.66844611749222,-17.825294925386707,-1.4504562069609372,1.0190500660247124,1.7998170872273018,0.128583073958952
55.300000000000004,20.642997764919265,-5.913722155356891,-3.1479448618285337,0.8942431218339764,1.8711582166473708,0.13486470285969832
55.4,18.66795190284313,-10.093345610742261,0.5120292380684643,1.064238568350315,1.7696757250385966,0.16794928905028467
55.5,18.855129303618618,-3.091325716577222,1.4649779826680174,1.0768612841424012,1.8767038492300088,0.10233931208344065
55.6,19.970873168576652,-13.342310193794008,-0.7727460023694859,1.0769059093166458,2.020416983268495,0.13764798524566427
55.7,19.765483473022574,-12.707244435425814,0.825408563658715,0.8615085925976633,1.6281663649214442,0.07333622618573388
55.800000000000004,20.373960753502715,-7.6961072373228445,-3.67369305800617,0.8068636221583447,1.8354671937803635,0.17324678869080481
55.9,22.40467455100697,-8.579633217004494,-3.4190472601165167,0.948999128133871,1.9882328774623,0.33215391086530444
56.0,16.755696743172667,-11.111254274672717,-0.13754167237740833,0.9011756307318101,2.0077654371571807,0.15512593475465278
56.1,19.043614268555103,-9.912773227541159,1.3722123446127996,0.8023216131737221,1.886147638819318,0.09122133800819046
56.2,19.356534855900396,-5.742700864118502,-2.7481966426058877,0.9793521487965342,1.9632135648211302,0.18348373997713321
56.300000000000004,19.074000962364472,-6.782591553292348,-1.7160007569504154,0.8047948155243807,1.959609234262242,0.24292360020143805
56.4,20.617749012155485,-5.168154846496737,0.8899712089224416,0.7555473819155993,2.0209661280105684,0.2672872937125791
56.5,17.095593728444126,-9.68922227854716,-4.366346171093211,0.7207686936029584,2.04081098123799,0.19067935851811796
56.6,,,,,,
56.7,17.634162511335546,-9.237228645224896,-1.0981552612342573,0.8622633054992261,2.000003791604606,0.20355322522823677
56.800000000000004,16.200646808235476,-5.31700202646396,1.410491297599973,0.704170534946921,1.8731018561692183,0.14139521955004802
56.9,19.48305368759286,-7.3995997177484405,-5.83591382951774,0.6110598048683817,2.0053444764156927,0.08578011235785668
57.0,19.13133989986366,-14.101722327133066,-2.878767759314903,0.808147273719626,2.074318714688742,0.013875842433195257
57.1,17.8614886753823,-5.187055426719064,-1.1232397973351136,0.6474345460466723,2.089835684180378,0.14967300131433697
57.2,18.989053467158516,-9.250248606790642,-3.623968636893644,0.5556227951345282,1.9497255550089032,0.13558657031585244
57.300000000000004,13.81967179312343,-8.335744681283241,0.43017828776558376,0.47872139178153966,1.9522644336291244,0.2630952431175625
57.4,17.714552929734815,-6.0157709442023775,-1.0156442270303077,0.443430930954791,1.9108373424953684,0.1530187997291012
57.5,22.347739805667604,-7.471877310589339,-1.301572900801194,0.5705592800091498,2.0088688619857837,0.13436797591057023
57.6,17.846912821424567,-3.783851694718484,-3.1712682612486818,0.5276778790101091,2.2225441300815625,0.1314138602777467
57.7,17.1770127996446,-4.95723232799656,-3.3918595405461267,0.5441115834543127,2.023177909268785,0.07682412703393283
57.800000000000004,20.30038969949305,-1.6365173590310116,-0.709592791274827,0.5103451879729007,2.133740794898303,0.08307066306968305
57.9,19.468352809193174,-6.100852174026683,-2.960354284556907,0.24405669120666884,2.067949968316674,0.11401613219441087
58.0,20.602222972313317,-0.5359420767213425,2.4032068494436603,0.3625623701686585,1.9855327729630632,0.14693746452720513
58.1,20.98358507756099,-4.317056516428168,-2.380370701983901,0.35089029903025404,2.208468559532677,0.1737380367478092
58.2,18.059712421652772,-4.358072132381002,-3.226136571740574,0.407310664428843,2.1197331451457417,0.1372913449556061
58.300000000000004,22.44054160583259,-0.5143462635957414,-2.864655102429973,0.41765361273234625,1.9852096714518577,0.06953555757028246
58.4,22.434477342379168,-0.9508761066342211,-2.4025697834380084,0.4451824685318475,2.0248821428125696,0.2553109488573943
58.5,18.601995524069654,-5.279682587628372,-0.4473626680579459,0.29903217199591653,2.0581702607789056,0.10442303523298357
58.6,17.66094460972974,-3.7966774823286595,-2.4077235112729936,0.2628487809435697,1.984693573003955,0.1839425561436356
58.7,22.153194663224635,-4.51362356120584,-0.169065883117539,0.22939279067655954,2.178925132760589,0.19337478042242368
58.800000000000004,19.699287551199642,-5.543821312550151,1.0013075315808408,0.22064619994041804,2.083323558908413,0.30011926319975946
58.9,19.35038826807064,-1.3074098618772496,-3.5104876738593287,0.07369070244676018,2.145920898516592,0.22216821511217635
59.0,23.073416900884165,-3.3302561680202993,-0.8210940346907906,0.26520685647511166,1.96668270147154,0.15901782801704525
59.1,19.622027470398535,-5.026535458170001,-1.008403831933213,0.11713420723907893,2.109455862669592,0.12271321139086765
59.2,18.170186626029857,0.5924361347308866,1.8137325436518457,0.05835495445551045,2.076993702925522,0.10915634618462665
59.300000000000004,17.705153227424077,-4.48157761921292,-3.411135315567675,0.19756180028341555,2.0470803610304706,0.20671783345780767
59.4,20.5006711586342,-5.326683360799914,-1.0148422557181753,0.18416109859884455,2.1040808156261273,0.09198932618617603
59.5,19.41663939813949,-2.853698314044733,-4.519016664760635,0.20064045834512276,1.8937990887812448,0.27725679380266466
59.6,21.23765565197603,-0.3223309304820997,-2.7974089374469564,0.058134805550042995,2.1575283178654368,0.1658537875384155
59.7,17.9669085179219,3.9458305201861728,-3.126215420967705,0.1307811993419778,2.090060508644385,0.1581934996212784
59.800000000000004,23.145188619062537,0.04522946852335297,2.8531561726974646,0.014779726685997082,2.2211468870181896,0.15120839744849118
59.9,18.82123969920431,-2.0711708140071665,2.454197301892271,0.3189909945292598,1.9846099422277321,0.1609305813283684
