t,pressure_hPa,z_true
0.0,1013.6079228090466,0.0
0.04,1012.5978381095985,0.016754964829541225
0.08,1012.76344881907,0.03350875373796272
0.12,1013.8725261214706,0.05026019088667495
0.16,1012.7429449903876,0.06700810060214298
0.2,1012.5528154638376,0.08375130745839926
0.24,1012.4368869320712,0.1004886363595391
0.28,1012.8997589148061,0.11721891262219299
0.32,1013.5820358200505,0.13394096205796976
0.36,1013.3495036252946,0.15065361105586542
0.4,1012.6043760892536,0.167355686664631
0.44,1013.0865678669313,0.1840460166750943
0.48,1013.547780675773,0.20072342970242976
0.52,1012.790424440361,0.2173867552683702
0.56,1013.1374562203756,0.2340348238833549
0.6,1014.0819261255974,0.25066646712860846
0.64,1013.2590860031681,0.2672805177381446
0.68,1014.0240408538591,0.28387580968068876
0.72,1012.8294101920277,0.30045117824151407
0.76,1012.9881299125103,0.3170054601041854
0.8,1013.8260771491662,0.33353749343220457
0.84,1013.2263132083838,0.35004611795055207
0.88,1012.5706856565453,0.36653017502711954
0.92,1014.1989453696543,0.382988507754026
0.96,1013.3468638080384,0.399419961028814
1.0,1014.1340508530752,0.41582338163551863
1.04,1012.860042537018,0.4321976183256041
1.08,1013.1030939761504,0.44854152189876234
1.12,1013.5370517966269,0.46485394528356794
1.16,1013.9029634044815,0.4811337436179833
1.2,1013.7132727198144,0.4973797743297095
1.24,1011.9882609164829,0.5135908972163755
1.28,1012.8553362889799,0.5297659745255614
1.32,1013.2760780883227,0.5459038710346504
1.36,1013.5900863486469,0.562003454130502
1.4000000000000001,1013.0175026358637,0.5780635938889432
1.44,1013.0005812492419,0.5940831631540697
1.48,1013.3066566712937,0.610061037617355
1.52,1012.7718743197825,0.6259960958965564
1.56,1012.8769454646387,0.641887219614419
1.6,1013.2938423299144,0.6577332934771665
1.6400000000000001,1013.1840768649706,0.6735332053527766
1.68,1012.6085747805048,0.6892858463490341
1.72,1013.3093400935815,0.7049901108913569
1.76,1013.3890570070457,0.7206448968003893
1.8,1013.8571117475861,0.7362491053693558
1.84,1013.1229292260136,0.7518016414411735
1.8800000000000001,1013.7067792285643,0.7673014134853126
1.92,1012.1253133498689,0.7827473336744047
1.96,1013.1043771889049,0.7981383179605903
2.0,1012.8696178685697,0.8134732861516003
2.04,1012.8821951029827,0.8287511619865683
2.08,1013.3493409776224,0.8439708732115655
2.12,1012.2240362052671,0.8591313516548565
2.16,1012.3036284058987,0.8742315333018658
2.2,1013.4332472285034,0.889270358369855
2.24,1013.228200750331,0.9042467713823015
2.2800000000000002,1012.7782508127435,0.9191597212429757
2.32,1013.7929495054163,0.9340081613097104
2.36,1013.6705393664225,0.9487910494678584
2.4,1013.3125371216075,0.9635073482034304
2.44,1012.4221711693868,0.9781560246759124
2.48,1013.7824182159633,0.9927360507907537
2.52,1012.1685811556231,1.0072464032715216
2.56,1012.5645433626838,1.0216860637317196
2.6,1013.5235476408368,1.0360540187462604
2.64,1012.3793251809889,1.0503492599225914
2.68,1013.8181627211223,1.064570783971468
2.72,1014.0917116861658,1.0787175927773667
2.7600000000000002,1013.4584013254633,1.0927886934685382
2.8000000000000003,1012.7698009306375,1.1067830984866882
2.84,1012.4811083506697,1.1206998256562892
2.88,1012.3645893467965,1.1345378982535128
2.92,1013.2647927816204,1.1482963450747792
2.96,1013.1620195000138,1.1619742005049194
3.0,1013.2019028337844,1.1755705045849463
3.04,1013.7857149153575,1.1890843030794265
3.08,1013.4714563681175,1.202514647543453
3.12,1013.2148471797933,1.2158605953892108
3.16,1013.1169901774695,1.229121209952129
3.2,1012.563735881095,1.2422955605566208
3.24,1013.3304592737722,1.255382722581401
3.2800000000000002,1013.1948111999677,1.268381777524379
3.3200000000000003,1013.6210055794575,1.2812918130671231
3.36,1013.2005193714745,1.2941119231388885
3.4,1014.2510784948694,1.3068412079802108
3.44,1013.6634097064241,1.319478774206052
3.48,1012.1529146756003,1.3320237348685031
3.52,1013.1966854520083,1.344475209519032
3.56,1013.7185975048478,1.3568323242702764
3.6,1012.7711454489707,1.3690942118573772
3.64,1012.764651917213,1.3812600116988458
3.68,1013.9177175528032,1.3933288699569615
3.72,1012.5856263015099,1.4052999395976984
3.7600000000000002,1013.3828371236508,1.4171723804501721
3.8000000000000003,1013.0280965520403,1.4289453592656067
3.84,1013.4274622434816,1.4406180497758136
3.88,1012.7939290409612,1.4521896327511838
3.92,1012.75688296897,1.4636592960581822
3.96,1013.6362416539748,1.4750262347163476
4.0,1013.879323220627,1.4862896509547883
4.04,1013.0025579840645,1.4974487542681723
4.08,1013.3184384164588,1.5085027614722075
4.12,1013.5220593248687,1.5194508967586093
4.16,1013.1924248400347,1.5302923917495483
4.2,1013.4393259236082,1.5410264855515785
4.24,1013.9437609032244,1.5516524248090386
4.28,1012.4303350556942,1.5621694637569263
4.32,1013.5893267068828,1.5725768642732378
4.36,1014.1330560833588,1.5828738959307715
4.4,1013.5999293412768,1.5930598360483925
4.44,1012.4394435343524,1.603133969741753
4.48,1013.8862759149972,1.613095589973465
4.5200000000000005,1013.0651761032331,1.6229439976027218
4.5600000000000005,1013.3630776634907,1.6326785014343679
4.6000000000000005,1013.5784514220901,1.642298418267408
4.64,1013.7857735855708,1.651803072942957
4.68,1012.6309239826165,1.6611917983916251
4.72,1013.072304451854,1.6704639356803344
4.76,1013.1871635962797,1.6796188340585656
4.8,1012.6044525110447,1.68865585100403
4.84,1013.4359736486709,1.6975743522677635
4.88,1012.9281407393468,1.7063737119186406
4.92,1013.0917484504062,1.7150533123873044
4.96,1012.8011652529318,1.72361254450951
5.0,1013.3330903101727,1.7320508075688772
5.04,1012.7661674076381,1.7403675093390514
5.08,1013.0446718310847,1.7485620661252672
5.12,1013.0795785947402,1.7566339028053155
5.16,1012.8025624248769,1.7645824528699066
5.2,1012.177028552693,1.7724071584624295
5.24,1013.4399580940468,1.7801074704181048
5.28,1013.0725822768138,1.7876828483025275
5.32,1012.8996609507905,1.795132760449595
5.36,1013.0583701071525,1.8024566839988228
5.4,1013.4986491103022,1.8096541049320392
5.44,1014.1518005815332,1.8167245181094622
5.48,1012.2069828835081,1.8236674273051516
5.5200000000000005,1013.2877648107141,1.830482345241835
5.5600000000000005,1012.8416775816404,1.837168793625108
5.6000000000000005,1013.7909858112058,1.843726303177001
5.64,1012.4103424973007,1.8501544136689159
5.68,1013.1152602351093,1.8564526739539264
5.72,1012.9800100568766,1.8626206419984404
5.76,1012.5071116230367,1.8686578849132238
5.8,1012.7484208629949,1.874563978983783
5.84,1012.9099049199722,1.8803385097001004
5.88,1013.128996794662,1.8859810717857288
5.92,1011.8713759149496,1.8914912692262336
5.96,1012.9320476503924,1.8968687152969863
6.0,1013.4614566864742,1.902113032590307
6.04,1013.7533250433462,1.9072238530419519
6.08,1013.2383430385869,1.9122008179569447
6.12,1013.3507011674666,1.9170435780347517
6.16,1012.4637801049819,1.921751793393797
6.2,1012.9410651354741,1.9263251335953164
6.24,1012.4938663939043,1.9307632776665478
6.28,1013.024104156846,1.9350659141232598
6.32,1014.2701440097356,1.939232740991612
6.36,1013.8519275836446,1.9432634658293477
6.4,1013.5095502785612,1.9471578057463206
6.44,1013.2641019666686,1.9509154874243462
6.48,1013.0009121762662,1.954536247136387
6.5200000000000005,1013.4461012623384,1.9580198307650596
6.5600000000000005,1012.8292332703732,1.9613659938204713
6.6000000000000005,1014.1912799546946,1.9645745014573772
6.640000000000001,1013.5179959280986,1.9676451284916652
6.68,1013.5860251270601,1.970577659416157
6.72,1012.8489318412755,1.973371888415736
6.76,1012.857125714684,1.9760276193817903
6.8,1012.7269159531098,1.9785446659259767
6.84,1012.475026617175,1.9809228513933024
6.88,1013.7897593670801,1.9831620088745234
6.92,1013.4295467078872,1.985261981217858
6.96,1012.8669120274704,1.9872226210400168
7.0,1012.7609200091807,1.9890437907365466
7.04,1013.7824388900161,1.9907253624914878
7.08,1013.3064452602163,1.992267218286345
7.12,1012.8661329423902,1.9936692499083695
7.16,1013.6528239754182,1.994931358958155
7.2,1014.018891224022,1.9960534568565431
7.24,1012.7725235649073,1.9970354648508397
7.28,1012.8568918280151,1.9978773140203425
7.32,1012.9419709225812,1.9985789452811784
7.36,1013.1914140433478,1.99914030939045
7.4,1013.0364351302776,1.999561366949691
7.44,1012.3265534939226,1.9998420884076322
7.48,1012.6004575041662,1.9999824540622753
7.5200000000000005,1013.1307033044983,1.9999824540622753
7.5600000000000005,1013.8221834901909,1.9998420884076322
7.6000000000000005,1013.1628561420539,1.999561366949691
7.640000000000001,1013.5242776575232,1.99914030939045
7.68,1013.2372032854197,1.9985789452811784
7.72,1012.9710125289475,1.9978773140203425
7.76,1012.61656455977,1.9970354648508397
7.8,1013.2483067388087,1.9960534568565431
7.84,1013.683891731196,1.9949313589581552
7.88,1012.4431408987708,1.9936692499083695
7.92,1013.3667823124163,1.992267218286345
7.96,1012.8123417660788,1.9907253624914878
8.0,1013.257357779124,1.9890437907365468
8.040000000000001,1012.7264343416533,1.9872226210400168
8.08,1013.1508405694548,1.985261981217858
8.120000000000001,1012.6137726064695,1.9831620088745234
8.16,1013.5627818930499,1.9809228513933024
8.2,1013.118217777253,1.9785446659259767
8.24,1013.9924654051772,1.9760276193817903
8.28,1013.245439610394,1.9733718884157363
8.32,1012.5910533264256,1.9705776594161573
8.36,1012.2917372956886,1.9676451284916652
8.4,1013.804378058908,1.9645745014573774
8.44,1012.7814452477294,1.9613659938204713
8.48,1012.5853440830361,1.9580198307650596
8.52,1013.7558812794958,1.954536247136387
8.56,1012.8475812459924,1.9509154874243462
8.6,1013.508936322611,1.9471578057463206
8.64,1013.2414567861512,1.943263465829348
8.68,1012.0891088807799,1.9392327409916121
8.72,1013.35758528181,1.9350659141232598
8.76,1012.5680329228688,1.930763277666548
8.8,1012.4420029992705,1.9263251335953162
8.84,1011.9637548867803,1.9217517933937973
8.88,1012.4870697304015,1.917043578034752
8.92,1012.8726502935489,1.9122008179569447
8.96,1013.0925621741857,1.9072238530419519
9.0,1013.133280659799,1.9021130325903073
9.040000000000001,1013.4835727111864,1.8968687152969863
9.08,1012.1921832589871,1.8914912692262338
9.120000000000001,1011.9945086751524,1.8859810717857288
9.16,1014.2773374633066,1.8803385097001006
9.200000000000001,1013.0186593448454,1.874563978983783
9.24,1013.3123303336157,1.8686578849132243
9.28,1012.33807822094,1.8626206419984408
9.32,1013.3969515822258,1.8564526739539267
9.36,1013.5900288092937,1.8501544136689163
9.4,1012.1205279691058,1.8437263031770013
9.44,1013.3264835359633,1.8371687936251082
9.48,1013.3204760001717,1.8304823452418353
9.52,1011.8568909562316,1.8236674273051516
9.56,1013.198008857384,1.8167245181094624
9.6,1012.7887326307081,1.8096541049320394
9.64,1013.3315223751547,1.8024566839988225
9.68,1013.4586879654955,1.795132760449595
9.72,1013.3548042173635,1.7876828483025278
9.76,1012.9640773335403,1.780107470418105
9.8,1012.9144014475188,1.7724071584624292
9.84,1013.2278080373618,1.764582452869907
9.88,1012.9840865153991,1.7566339028053155
9.92,1012.3789640709014,1.7485620661252672
9.96,1013.2197707280736,1.7403675093390514
10.0,1013.027076564584,1.7320508075688774
10.040000000000001,1013.0149883590019,1.72361254450951
10.08,1012.9413152128802,1.7150533123873044
10.120000000000001,1013.0060840983048,1.7063737119186406
10.16,1012.7851523088488,1.6975743522677638
10.200000000000001,1013.531617149011,1.6886558510040304
10.24,1012.888958743196,1.679618834058566
10.28,1013.1468203700211,1.670463935680335
10.32,1012.7707973397872,1.6611917983916253
10.36,1012.5921157756674,1.6518030729429578
10.4,1013.0819520494454,1.6422984182674083
10.44,1013.4899261580858,1.632678501434368
10.48,1013.652642752902,1.622943997602722
10.52,1013.4917151814484,1.6130955899734654
10.56,1012.6603018358361,1.603133969741753
10.6,1013.1410405627356,1.5930598360483927
10.64,1013.0680684031983,1.5828738959307715
10.68,1013.4865741418159,1.572576864273238
10.72,1013.3804453865898,1.5621694637569263
10.76,1012.8197919491768,1.551652424809039
10.8,1013.296654781028,1.5410264855515785
10.84,1013.4007374837064,1.5302923917495486
10.88,1013.2795234148175,1.5194508967586096
10.92,1013.1016626301787,1.508502761472208
10.96,1012.7988847150833,1.4974487542681723
11.0,1012.9280529979535,1.486289650954789
11.040000000000001,1014.2069288943891,1.4750262347163479
11.08,1012.5288430693265,1.4636592960581825
11.120000000000001,1014.0564503826748,1.452189632751184
11.16,1014.0467332329929,1.440618049775814
11.200000000000001,1012.4520378053047,1.4289453592656065
11.24,1012.7978797025731,1.4171723804501721
11.28,1012.957098524806,1.405299939597699
11.32,1012.8099289637851,1.3933288699569617
11.36,1012.813314393276,1.381260011698846
11.4,1013.4652378600878,1.3690942118573777
11.44,1013.2277656345312,1.356832324270277
11.48,1013.3839144813227,1.344475209519032
11.52,1013.037380028624,1.332023734868504
11.56,1013.005351565038,1.3194787742060523
11.6,1012.7532237906096,1.3068412079802112
11.64,1013.3858649280656,1.2941119231388891
11.68,1013.6494366581906,1.2812918130671236
11.72,1012.581883878887,1.268381777524379
11.76,1013.5625605925893,1.2553827225814012
11.8,1013.304478198666,1.242295560556621
11.84,1012.579542639086,1.2291212099521294
11.88,1012.4408415894898,1.2158605953892105
11.92,1013.0368739253156,1.2025146475434538
11.96,1012.9057570200723,1.1890843030794265
12.0,1013.6746669694705,1.1755705045849465
12.040000000000001,1012.9650569795385,1.1619742005049198
12.08,1012.8928349379479,1.1482963450747798
12.120000000000001,1012.9529257617153,1.1345378982535128
12.16,1013.0610165092655,1.1206998256562892
12.200000000000001,1013.3235549478992,1.1067830984866882
12.24,1013.7200669236028,1.0927886934685385
12.280000000000001,1012.5726862530001,1.0787175927773671
12.32,1013.3957201656792,1.0645707839714684
12.36,1012.5166268913778,1.050349259922592
12.4,1013.7097962190207,1.0360540187462604
12.44,1012.406783202402,1.0216860637317207
12.48,1013.7930132221509,1.0072464032715218
12.52,1013.6607434595252,0.992736050790754
12.56,1012.8065814174784,0.978156024675913
12.6,1012.9414116683689,0.9635073482034312
12.64,1012.2704171897609,0.9487910494678585
12.68,1012.3424011014157,0.9340081613097108
12.72,1013.060656315637,0.919159721242976
12.76,1013.3054146376205,0.9042467713823019
12.8,1013.7359061320674,0.8892703583698547
12.84,1013.0782254642406,0.8742315333018665
12.88,1013.1624285838272,0.8591313516548565
12.92,1012.6062149339575,0.8439708732115657
12.96,1013.1640709202148,0.8287511619865686
13.0,1013.279915054913,0.8134732861516009
13.040000000000001,1013.5236036612164,0.7981383179605902
13.08,1013.2184704384638,0.7827473336744056
13.120000000000001,1013.7103189802078,0.7673014134853127
13.16,1013.2613069439507,0.7518016414411738
13.200000000000001,1013.1673182391644,0.7362491053693563
13.24,1013.6283067620578,0.7206448968003899
13.280000000000001,1013.6176297266034,0.7049901108913569
13.32,1013.0322617342707,0.6892858463490341
13.36,1014.077568050939,0.6735332053527775
13.4,1013.3081930956132,0.6577332934771668
13.44,1013.2502867948866,0.6418872196144194
13.48,1013.0224896144377,0.6259960958965569
13.52,1013.4054083349057,0.6100610376173556
13.56,1013.616953149973,0.5940831631540698
13.6,1013.230315791628,0.5780635938889442
13.64,1013.2921652191612,0.5620034541305023
13.68,1012.6194989282634,0.5459038710346509
13.72,1012.7392726514656,0.5297659745255621
13.76,1012.7797897690414,0.5135908972163763
13.8,1013.3013035139915,0.49737977432970965
13.84,1012.6134602761316,0.48113374361798356
13.88,1012.1762682118958,0.46485394528356827
13.92,1012.4714920481096,0.4485415218987629
13.96,1013.4335049023925,0.43219761832560394
14.0,1014.0123726909943,0.41582338163551946
14.040000000000001,1013.6406803925021,0.3994199610288141
14.08,1012.6261285441387,0.38298850775402626
14.120000000000001,1012.7620022158858,0.36653017502711993
14.16,1012.8796675751009,0.3500461179505526
14.200000000000001,1012.4112748667542,0.33353749343220435
14.24,1013.1135627585226,0.3170054601041854
14.280000000000001,1013.4485396998297,0.30045117824151424
14.32,1012.7220415884174,0.28387580968068904
14.36,1012.6168172503392,0.2672805177381451
14.4,1013.5897846722795,0.25066646712860907
14.44,1012.7409279378224,0.23403482388335564
14.48,1012.8091283203056,0.21738675526837023
14.52,1011.996874009206,0.20072342970243082
14.56,1013.6420023527488,0.1840460166750946
14.6,1013.8518341952114,0.16735568666463146
14.64,1013.0543593858494,0.15065361105586608
14.68,1013.1926017428058,0.13394096205797057
14.72,1013.4846305587371,0.11721891262219304
14.76,1013.5655165000911,0.10048863635953932
14.8,1013.2019111818221,0.08375130745839962
14.84,1012.9619748388715,0.06700810060214349
14.88,1013.1722869207721,0.05026019088667474
14.92,1013.0510918995808,0.03350875373796355
14.96,1013.3641732062656,0.016754964829541318
15.0,1012.7097740803933,2.4492935982947064e-16
15.040000000000001,1013.8345132552735,-0.01675496482954083
15.08,1014.2406349590029,-0.03350875373796217
15.120000000000001,1012.8827957513538,-0.05026019088667514
15.16,1012.8572928467122,-0.06700810060214211
15.200000000000001,1012.833444659302,-0.08375130745839914
15.24,1013.026349539383,-0.10048863635953884
15.280000000000001,1014.1296927518799,-0.11721891262219256
15.32,1012.9560927758822,-0.1339409620579692
15.36,1013.3108987384524,-0.1506536110558647
15.4,1013.0086141916875,-0.16735568666463096
15.44,1012.235587172642,-0.18404601667509324
15.48,1012.9996163844634,-0.20072342970242946
15.52,1013.237185510395,-0.21738675526836973
15.56,1014.020816888792,-0.23403482388335428
15.6,1012.3796076056192,-0.2506664671286077
15.64,1013.7167715661614,-0.2672805177381446
15.68,1013.3577421942765,-0.2838758096806877
15.72,1013.1881459890037,-0.30045117824151374
15.76,1012.7089845549464,-0.3170054601041849
15.8,1013.8365263578057,-0.3335374934322039
15.84,1013.4045407245487,-0.3500461179505513
15.88,1013.2147887844818,-0.36653017502711943
15.92,1013.1865937717793,-0.38298850775402576
15.96,1013.7176312900632,-0.39941996102881366
16.0,1012.822170269482,-0.41582338163551813
16.04,1013.9702636728309,-0.43219761832560344
16.080000000000002,1014.3483382119242,-0.4485415218987624
16.12,1013.0950869811589,-0.4648539452835678
16.16,1013.898040135154,-0.48113374361798306
16.2,1012.9620789437653,-0.49737977432970915
16.240000000000002,1012.6972908094159,-0.5135908972163759
16.28,1012.9853094957157,-0.5297659745255616
16.32,1013.4833867503331,-0.5459038710346504
16.36,1013.1704795391516,-0.5620034541305011
16.4,1013.4860061021733,-0.578063593888942
16.44,1013.4230540192914,-0.5940831631540702
16.48,1013.0733668027389,-0.6100610376173544
16.52,1012.668815071594,-0.6259960958965556
16.56,1013.2783688745034,-0.6418872196144181
16.6,1012.5859514243638,-0.6577332934771662
16.64,1013.317166683551,-0.6735332053527763
16.68,1013.4535752116685,-0.6892858463490337
16.72,1012.125217782887,-0.7049901108913564
16.76,1013.9422666149768,-0.7206448968003893
16.8,1013.1298932351392,-0.7362491053693558
16.84,1013.5443831793917,-0.7518016414411732
16.88,1012.9761198451899,-0.7673014134853114
16.92,1013.0983788648535,-0.7827473336744052
16.96,1014.11930518401,-0.7981383179605905
17.0,1012.6481219190791,-0.8134732861515996
17.04,1013.0746547795721,-0.8287511619865673
17.080000000000002,1013.3551998132899,-0.8439708732115662
17.12,1012.094668478533,-0.8591313516548561
17.16,1012.8868081299236,-0.8742315333018653
17.2,1013.7533952194225,-0.8892703583698542
17.240000000000002,1012.7178014542169,-0.9042467713823015
17.28,1013.4304102544021,-0.9191597212429755
17.32,1013.5143999776031,-0.9340081613097103
17.36,1013.6015045943972,-0.9487910494678582
17.400000000000002,1012.82021686218,-0.9635073482034308
17.44,1013.4405388677922,-0.9781560246759126
17.48,1012.7733132609708,-0.9927360507907537
17.52,1013.2078062224832,-1.0072464032715207
17.56,1013.7790501731828,-1.0216860637317187
17.6,1012.9452905839346,-1.0360540187462608
17.64,1013.6232662542129,-1.0503492599225908
17.68,1013.351940499316,-1.064570783971467
17.72,1013.7783901350401,-1.078717592777366
17.76,1012.4207338983721,-1.092788693468538
17.8,1013.9806090554416,-1.1067830984866878
17.84,1012.4972937686512,-1.1206998256562888
17.88,1012.7712268631759,-1.1345378982535124
17.92,1013.9571685123298,-1.1482963450747794
17.96,1013.3603853470348,-1.1619742005049194
18.0,1013.1637453970532,-1.175570504584946
18.04,1013.8643603048553,-1.1890843030794254
18.080000000000002,1013.3270948730737,-1.2025146475434534
18.12,1012.9028332393892,-1.215860595389211
18.16,1014.0105877735755,-1.2291212099521283
18.2,1013.5332679954741,-1.24229556055662
18.240000000000002,1012.7705014403807,-1.2553827225814014
18.28,1013.0182169608785,-1.2683817775243786
18.32,1012.8952210233598,-1.2812918130671225
18.36,1012.8197428161451,-1.294111923138888
18.400000000000002,1013.3409823162699,-1.3068412079802108
18.44,1013.3637877849858,-1.319478774206052
18.48,1013.620660218872,-1.332023734868503
18.52,1013.6963723165318,-1.3444752095190315
18.56,1013.835291552016,-1.3568323242702753
18.6,1013.9378272157139,-1.3690942118573775
18.64,1013.6730045287665,-1.3812600116988456
18.68,1013.6184557002317,-1.3933288699569606
18.72,1013.9347428512913,-1.4052999395976975
18.76,1013.6454814895194,-1.4171723804501726
18.8,1012.9756086966322,-1.4289453592656063
18.84,1012.7671218475751,-1.4406180497758132
18.88,1012.9554981932272,-1.4521896327511832
18.92,1013.6032184956032,-1.463659296058182
18.96,1013.2963879998879,-1.4750262347163474
19.0,1013.555064460963,-1.486289650954788
19.04,1013.3003278250002,-1.4974487542681718
19.080000000000002,1012.9692983415936,-1.5085027614722075
19.12,1012.1119582588394,-1.5194508967586087
19.16,1012.7987606596253,-1.5302923917495481
19.2,1014.2945978538992,-1.5410264855515776
19.240000000000002,1013.9091232080484,-1.5516524248090382
19.28,1013.0662428557737,-1.5621694637569266
19.32,1013.1712439940037,-1.5725768642732372
19.36,1013.1933970373141,-1.5828738959307713
19.400000000000002,1013.9799771738527,-1.593059836048393
19.44,1013.871077180405,-1.6031339697417528
19.48,1013.8884975139421,-1.6130955899734651
19.52,1012.8939530553125,-1.6229439976027213
19.56,1014.2866435466444,-1.6326785014343668
19.6,1013.2618954222442,-1.6422984182674085
19.64,1013.8256526501503,-1.651803072942957
19.68,1013.5754635767935,-1.6611917983916245
19.72,1012.5904783618213,-1.6704639356803341
19.76,1013.1792274163535,-1.6796188340585658
19.8,1013.4279395161124,-1.6886558510040297
19.84,1013.0473797572625,-1.6975743522677633
19.88,1012.7167822680076,-1.70637371191864
19.92,1013.2286208644892,-1.7150533123873042
19.96,1014.1065063364703,-1.72361254450951
20.0,1013.7534823031949,-1.7320508075688767
20.04,1013.2171478439338,-1.7403675093390512
20.080000000000002,1013.60253250034,-1.7485620661252674
20.12,1012.8285420949745,-1.7566339028053153
20.16,1013.4941971259699,-1.7645824528699068
20.2,1012.5432366211797,-1.772407158462429
20.240000000000002,1012.9238710017333,-1.7801074704181048
20.28,1013.9166263781659,-1.787682848302527
20.32,1013.2070738111321,-1.7951327604495948
20.36,1013.2719829492014,-1.802456683998822
20.400000000000002,1013.4563039532879,-1.8096541049320387
20.44,1014.2784180031772,-1.8167245181094622
20.48,1011.6675369443752,-1.8236674273051512
20.52,1013.0534289037157,-1.830482345241835
20.56,1014.7078982144693,-1.8371687936251075
20.6,1014.0983296355402,-1.8437263031770008
20.64,1013.7729635831595,-1.850154413668916
20.68,1013.6466928861691,-1.8564526739539262
20.72,1013.397036051678,-1.86262064199844
20.76,1012.8369893121591,-1.8686578849132243
20.8,1013.3193776569145,-1.874563978983783
20.84,1013.4627687468042,-1.8803385097001
20.88,1014.0861642968154,-1.8859810717857286
20.92,1013.6863021331884,-1.8914912692262336
20.96,1013.549033680793,-1.896868715296986
21.0,1013.2001457309365,-1.902113032590307
21.04,1013.314822620829,-1.9072238530419514
21.080000000000002,1012.6846264904298,-1.9122008179569445
21.12,1013.6521297579329,-1.917043578034752
21.16,1012.92928452883,-1.9217517933937969
21.2,1013.3801724793669,-1.9263251335953162
21.240000000000002,1014.0606035860801,-1.930763277666548
21.28,1013.6887060052786,-1.9350659141232598
21.32,1013.7288020857783,-1.939232740991612
21.36,1014.1705215652221,-1.9432634658293477
21.400000000000002,1013.9011647618462,-1.9471578057463206
21.44,1013.4842468848605,-1.9509154874243464
21.48,1012.5509679499628,-1.9545362471363867
21.52,1013.3281488327702,-1.9580198307650594
21.56,1013.4999236430187,-1.961365993820471
21.6,1013.549741307104,-1.9645745014573774
21.64,1012.7501853110183,-1.967645128491665
21.68,1013.6630569152366,-1.970577659416157
21.72,1013.9311420208027,-1.9733718884157359
21.76,1013.3811247614598,-1.9760276193817903
21.8,1013.7951546119407,-1.9785446659259767
21.84,1013.2284034779184,-1.9809228513933024
21.88,1013.6920659322736,-1.9831620088745232
21.92,1014.5067110044732,-1.985261981217858
21.96,1013.3554723256666,-1.9872226210400168
22.0,1012.9867363238202,-1.9890437907365466
22.04,1013.9150568278418,-1.9907253624914878
22.080000000000002,1013.3908549124492,-1.992267218286345
22.12,1013.1424675715139,-1.9936692499083695
22.16,1013.1514426989463,-1.994931358958155
22.2,1013.6334465385862,-1.9960534568565431
22.240000000000002,1013.5197898451025,-1.9970354648508395
22.28,1014.1276416035024,-1.9978773140203425
22.32,1013.6864966503595,-1.9985789452811784
22.36,1013.9383441937575,-1.99914030939045
22.400000000000002,1013.474984393128,-1.999561366949691
22.44,1013.7134264804585,-1.9998420884076322
22.48,1013.4362616207126,-1.9999824540622753
22.52,1014.378922211803,-1.9999824540622753
22.56,1013.7008009804456,-1.9998420884076322
22.6,1012.7406709277388,-1.999561366949691
22.64,1013.3859272538134,-1.99914030939045
22.68,1013.5911285389792,-1.9985789452811786
22.72,1013.4781213835237,-1.9978773140203425
22.76,1013.9087734576024,-1.9970354648508397
22.8,1013.2464531810092,-1.9960534568565431
22.84,1013.4997166107041,-1.9949313589581552
22.88,1013.9296882418544,-1.9936692499083697
22.92,1012.7468551942604,-1.992267218286345
22.96,1012.9611746806089,-1.9907253624914878
23.0,1014.4035726068602,-1.9890437907365468
23.04,1013.2479513981415,-1.987222621040017
23.080000000000002,1013.8610170363246,-1.9852619812178578
23.12,1013.9743338178159,-1.9831620088745234
23.16,1012.7993067865978,-1.9809228513933026
23.2,1013.0070218539266,-1.9785446659259767
23.240000000000002,1013.4408092496393,-1.9760276193817903
23.28,1013.0859579086657,-1.9733718884157363
23.32,1013.6055111371188,-1.9705776594161573
23.36,1013.6650248454833,-1.9676451284916654
23.400000000000002,1013.4913958967609,-1.9645745014573774
23.44,1013.3632375875019,-1.9613659938204713
23.48,1013.679789279574,-1.9580198307650598
23.52,1013.9735701426907,-1.954536247136387
23.56,1014.0357046925916,-1.9509154874243466
23.6,1013.5071242196253,-1.9471578057463206
23.64,1012.9263732203344,-1.943263465829348
23.68,1013.2698660420676,-1.9392327409916121
23.72,1013.6977196836235,-1.9350659141232605
23.76,1013.9137995056338,-1.9307632776665475
23.8,1013.9023043746059,-1.9263251335953164
23.84,1013.2734137292268,-1.9217517933937975
23.88,1013.4790146867009,-1.9170435780347521
23.92,1013.6342558505604,-1.9122008179569447
23.96,1014.0982398722953,-1.9072238530419523
24.0,1012.9737867952377,-1.9021130325903073
24.04,1013.5774126481518,-1.8968687152969868
24.080000000000002,1013.1010227790069,-1.8914912692262338
24.12,1013.9591791654184,-1.8859810717857288
24.16,1013.3366059520175,-1.8803385097001009
24.2,1013.474086956976,-1.8745639789837831
24.240000000000002,1012.9389788481661,-1.868657884913224
24.28,1013.1578551481099,-1.8626206419984408
24.32,1014.3650199227368,-1.8564526739539264
24.36,1013.6814389282997,-1.8501544136689165
24.400000000000002,1013.462913127605,-1.843726303177001
24.44,1014.044835293055,-1.8371687936251078
24.48,1014.107158553544,-1.8304823452418353
24.52,1013.3358334558142,-1.8236674273051523
24.560000000000002,1012.9615072439059,-1.8167245181094624
24.6,1013.278344397745,-1.8096541049320392
24.64,1013.1758615607091,-1.8024566839988232
24.68,1013.3905519573636,-1.7951327604495952
24.72,1013.4777487356353,-1.7876828483025282
24.76,1014.5963565897777,-1.7801074704181052
24.8,1012.8313173249757,-1.7724071584624295
24.84,1012.6798884341387,-1.764582452869907
24.88,1013.0377217161202,-1.7566339028053166
24.92,1011.8050420076898,-1.748562066125267
24.96,1012.3823770656506,-1.7403675093390516
25.0,1012.6740417934658,-1.732050807568878
25.04,1013.8888625196047,-1.7236125445095105
25.080000000000002,1012.6470532040055,-1.7150533123873046
25.12,1012.4904538152264,-1.7063737119186413
25.16,1012.9246280527511,-1.6975743522677638
25.2,1013.5610861455586,-1.688655851004031
25.240000000000002,1013.1075665916352,-1.6796188340585663
25.28,1013.1782453172603,-1.6704639356803346
25.32,1013.0447397008644,-1.6611917983916258
25.36,1012.6629701440123,-1.6518030729429574
25.400000000000002,1012.8547618977608,-1.6422984182674079
25.44,1012.9240031210152,-1.6326785014343683
25.48,1013.6685079058752,-1.6229439976027218
25.52,1012.7971494213007,-1.6130955899734654
25.560000000000002,1013.8723900847843,-1.6031339697417533
25.6,1013.6939762266309,-1.5930598360483923
25.64,1012.5739683683316,-1.5828738959307718
25.68,1013.5335578759341,-1.5725768642732387
25.72,1013.3559660943085,-1.562169463756927
25.76,1014.0223223493862,-1.5516524248090386
25.8,1012.9349828453768,-1.5410264855515792
25.84,1013.6766701306046,-1.5302923917495486
25.88,1013.7217240411488,-1.5194508967586102
25.92,1012.4452788575674,-1.5085027614722082
25.96,1013.9659166059308,-1.4974487542681723
26.0,1012.9536119880166,-1.4862896509547892
26.04,1013.5635336997377,-1.4750262347163492
26.080000000000002,1013.2261538009635,-1.463659296058182
26.12,1013.2406770471976,-1.4521896327511843
26.16,1012.9463645091446,-1.440618049775815
26.2,1013.0430671310716,-1.4289453592656074
26.240000000000002,1013.5602781356719,-1.4171723804501724
26.28,1014.0602430727503,-1.4052999395976993
26.32,1012.742276829281,-1.393328869956962
26.36,1013.0968295147605,-1.381260011698847
26.400000000000002,1013.4873117841269,-1.369094211857378
26.44,1013.4605818818526,-1.3568323242702764
26.48,1013.6159555275423,-1.3444752095190327
26.52,1013.9579851006858,-1.3320237348685036
26.560000000000002,1012.5175794101294,-1.3194787742060519
26.6,1013.0741563498771,-1.3068412079802114
26.64,1013.8712066969946,-1.2941119231388887
26.68,1013.2541224022159,-1.2812918130671238
26.72,1012.7717904062474,-1.2683817775243806
26.76,1012.7049519211923,-1.2553827225814005
26.8,1013.3343946118932,-1.2422955605566213
26.84,1013.1352900775121,-1.2291212099521303
26.88,1014.4144290626574,-1.2158605953892114
26.92,1013.2369451343343,-1.2025146475434532
26.96,1012.9369611358237,-1.1890843030794274
27.0,1013.9245805187769,-1.1755705045849467
27.04,1013.2675879467384,-1.1619742005049207
27.080000000000002,1013.7145434799396,-1.14829634507478
27.12,1014.2667375254164,-1.134537898253513
27.16,1014.0578477031993,-1.1206998256562901
27.2,1013.5187911781967,-1.10678309848669
27.240000000000002,1013.6917088371863,-1.0927886934685378
27.28,1014.0024060993373,-1.0787175927773673
27.32,1012.8558263409981,-1.0645707839714693
27.36,1012.6714769107346,-1.0503492599225923
27.400000000000002,1014.3446439432049,-1.0360540187462606
27.44,1012.7217487697361,-1.0216860637317209
27.48,1014.5022912161916,-1.007246403271522
27.52,1013.0248082191279,-0.992736050790755
27.560000000000002,1012.9156476406948,-0.9781560246759132
27.6,1013.7500014039566,-0.9635073482034306
27.64,1012.5498300431082,-0.9487910494678595
27.68,1014.6378011230416,-0.934008161309711
27.72,1014.3248562708247,-0.919159721242977
27.76,1014.1291703201168,-0.9042467713823021
27.8,1012.587417978084,-0.8892703583698549
27.84,1013.9778763935168,-0.8742315333018668
27.88,1013.9223262266211,-0.8591313516548584
27.92,1013.4018279570682,-0.8439708732115652
27.96,1013.7335418532191,-0.8287511619865688
28.0,1013.6178090868733,-0.8134732861516019
28.04,1012.7025405597869,-0.7981383179605912
28.080000000000002,1013.0787856929095,-0.782747333674405
28.12,1013.1377964701928,-0.7673014134853138
28.16,1012.5427289294493,-0.751801641441174
28.2,1013.6735789648546,-0.7362491053693574
28.240000000000002,1013.8667815991679,-0.7206448968003901
28.28,1013.5227892473135,-0.7049901108913571
28.32,1014.2287124175609,-0.6892858463490351
28.36,1013.4744005930168,-0.6735332053527769
28.400000000000002,1013.303467610088,-0.6577332934771661
28.44,1013.0238040766382,-0.6418872196144196
28.48,1013.442045855202,-0.6259960958965564
28.52,1011.9505548116973,-0.610061037617356
28.560000000000002,1014.1664772987605,-0.5940831631540701
28.6,1013.4867814373688,-0.5780635938889427
28.64,1013.8493357762231,-0.5620034541305027
28.68,1013.8508097136968,-0.545903871034652
28.72,1013.6385694039437,-0.5297659745255623
28.76,1012.7406550192893,-0.5135908972163756
28.8,1011.5692153029426,-0.4973797743297107
28.84,1014.3180390266266,-0.4811337436179838
28.88,1013.2399535171455,-0.4648539452835694
28.92,1013.06639201834,-0.4485415218987631
28.96,1013.1004551672569,-0.43219761832560416
29.0,1012.9872395149675,-0.41582338163551974
29.04,1013.2139565181726,-0.3994199610288161
29.080000000000002,1013.1449818854668,-0.3829885077540256
29.12,1013.2389056005665,-0.36653017502712015
29.16,1013.0699418354873,-0.35004611795055374
29.2,1013.6368364900281,-0.33353749343220546
29.240000000000002,1013.5474319538805,-0.3170054601041856
29.28,1012.9029796577937,-0.30045117824151535
29.32,1013.2900103846313,-0.2838758096806893
29.36,1012.6047361821123,-0.2672805177381462
29.400000000000002,1013.4946406434719,-0.2506664671286093
29.44,1014.0204164237487,-0.234034823883355
29.48,1013.6058193889971,-0.21738675526837134
29.52,1013.0963345929853,-0.20072342970243018
29.560000000000002,1012.6459538855057,-0.18404601667509396
29.6,1013.4685294264469,-0.1673556866646317
29.64,1012.816629318664,-0.15065361105586544
29.68,1013.100199083042,-0.13394096205797082
29.72,1013.4697169202796,-0.11721891262219507
29.76,1012.6826313171682,-0.10048863635953868
29.8,1013.1492716655091,-0.08375130745839986
29.84,1012.5746029949196,-0.06700810060214463
29.88,1012.9103915429198,-0.050260190886675875
29.92,1012.8594533268213,-0.03350875373796291
29.96,1013.7069519638139,-0.016754964829542453
30.0,1013.1867685823007,-4.898587196589413e-16
30.04,1012.7506454389895,0.016754964829539695
30.080000000000002,1012.8889254946562,0.03350875373796193
30.12,1013.6218712609628,0.05026019088667489
30.16,1012.3395427035821,0.06700810060214187
30.2,1012.7191452200591,0.08375130745839711
30.240000000000002,1012.5987230814695,0.10048863635953947
30.28,1013.1981696049037,0.1172189126221923
30.32,1013.1691138285228,0.13394096205796807
30.36,1013.0166532420697,0.15065361105586444
30.400000000000002,1013.0544834281799,0.16735568666463072
30.44,1012.4191739941243,0.184046016675093
30.48,1012.6164922297908,0.2007234297024292
30.52,1013.3722152657766,0.21738675526836862
30.560000000000002,1012.3589886959238,0.23403482388335403
30.6,1012.9608884728093,0.25066646712860835
30.64,1013.5515718243122,0.2672805177381435
30.68,1013.2008287833704,0.2838758096806883
30.72,1012.7619263284639,0.30045117824151263
30.76,1013.4555672955173,0.3170054601041847
30.8,1012.7332776672544,0.3335374934322045
30.84,1013.1184897096028,0.350046117950551
30.88,1012.6900296923612,0.3665301750271175
30.92,1012.3297524334304,0.3829885077540264
30.96,1013.000522367171,0.3994199610288134
31.0,1013.6718180125687,0.415823381635517
31.04,1013.6190736866359,0.4321976183256032
31.080000000000002,1013.4075296152527,0.4485415218987622
31.12,1013.386636489461,0.4648539452835667
31.16,1013.4234651162528,0.48113374361798283
31.2,1012.9482967427867,0.49737977432970804
31.240000000000002,1012.4299447616794,0.5135908972163747
31.28,1013.1446679334767,0.5297659745255614
31.32,1013.5295421140779,0.5459038710346493
31.36,1013.4875178793957,0.5620034541305
31.400000000000002,1013.1701941387007,0.5780635938889435
31.44,1013.2154961516283,0.5940831631540692
31.48,1012.3513996631997,0.6100610376173533
31.52,1013.8383104822432,0.6259960958965554
31.560000000000002,1013.0063157433003,0.6418872196144187
31.6,1012.0030187000328,0.6577332934771652
31.64,1012.980838239298,0.673533205352776
31.68,1013.1096780310689,0.6892858463490326
31.720000000000002,1013.3326531850525,0.7049901108913562
31.76,1013.0402624487834,0.7206448968003891
31.8,1012.7820426315903,0.7362491053693547
31.84,1012.8003357256669,0.751801641441173
31.88,1013.0684585440827,0.7673014134853112
31.92,1012.9896777712879,0.7827473336744041
31.96,1014.0796710338162,0.7981383179605903
32.0,1012.911668907094,0.8134732861515994
32.04,1012.7130591587369,0.8287511619865663
32.08,1013.6407947291463,0.8439708732115643
32.12,1013.0948868682377,0.8591313516548543
32.160000000000004,1013.55364768543,0.8742315333018659
32.2,1013.0425119749721,0.8892703583698557
32.24,1013.4508397771083,0.9042467713823013
32.28,1013.7114966251975,0.9191597212429745
32.32,1013.7984362928106,0.9340081613097101
32.36,1013.4799786590146,0.9487910494678572
32.4,1012.0510226963744,0.9635073482034298
32.44,1012.3313650190382,0.9781560246759108
32.480000000000004,1013.2407229056842,0.9927360507907542
32.52,1012.3685356911674,1.0072464032715214
32.56,1012.5588925301325,1.02168606373172
32.6,1013.5499418034389,1.0360540187462597
32.64,1012.7802658224109,1.0503492599225914
32.68,1012.8285815326238,1.0645707839714669
32.72,1012.9068688804017,1.078717592777365
32.76,1013.6985890964404,1.092788693468537
32.8,1013.73339569426,1.1067830984866862
32.84,1014.2834816159027,1.1206998256562895
32.88,1013.5431894679817,1.1345378982535137
32.92,1013.8876677177499,1.1482963450747792
32.96,1012.7393026445807,1.1619742005049185
33.0,1012.3992255052639,1.1755705045849458
33.04,1013.4101494913701,1.1890843030794251
33.08,1012.9947718815121,1.202514647543451
33.12,1013.9284215913369,1.2158605953892092
33.160000000000004,1012.9004544515512,1.2291212099521294
33.2,1012.7931022926551,1.2422955605566204
33.24,1012.9454756266924,1.2553827225814012
33.28,1013.0841079759522,1.2683817775243786
33.32,1013.1174570124236,1.2812918130671216
33.36,1013.1452592484591,1.2941119231388878
33.4,1013.7357156822807,1.3068412079802092
33.44,1012.4876842410671,1.3194787742060512
33.480000000000004,1013.5057640331381,1.332023734868504
33.52,1013.4065228495431,1.344475209519032
33.56,1013.1992416326154,1.3568323242702758
33.6,1013.2742138096215,1.3690942118573772
33.64,1012.8407038168004,1.381260011698845
33.68,1012.3577041765099,1.393328869956961
33.72,1013.2522887203061,1.4052999395976973
33.76,1012.8278981670611,1.4171723804501704
33.8,1013.342430978225,1.4289453592656054
33.84,1012.8945076414918,1.4406180497758143
33.88,1013.5084385132249,1.4521896327511836
33.92,1013.597185958792,1.4636592960581825
33.96,1013.5407006927734,1.4750262347163474
34.0,1013.7037900513862,1.4862896509547874
34.04,1013.066361752943,1.4974487542681716
34.08,1013.5851404225023,1.5085027614722062
34.12,1012.8922516531544,1.5194508967586073
34.160000000000004,1012.8041892939995,1.5302923917495492
34.2,1013.115545694613,1.5410264855515785
34.24,1013.7191365849186,1.5516524248090382
34.28,1012.9728716832268,1.5621694637569263
34.32,1013.5294294997151,1.572576864273237
34.36,1012.5987253081264,1.58287389593077
34.4,1012.1620128930449,1.5930598360483916
34.44,1012.8551916818177,1.6031339697417517
34.480000000000004,1013.0670435842759,1.613095589973465
34.52,1013.5866174677814,1.6229439976027222
34.56,1012.987192949322,1.6326785014343677
34.6,1013.9033608429486,1.6422984182674072
34.64,1013.3501316230203,1.651803072942957
34.68,1012.978396357168,1.6611917983916242
34.72,1013.19720993034,1.6704639356803341
34.76,1012.5555490352663,1.6796188340585647
34.800000000000004,1012.9531191069714,1.6886558510040304
34.84,1012.9784902462144,1.6975743522677633
34.88,1013.1587472085988,1.7063737119186408
34.92,1012.9109590242102,1.7150533123873042
34.96,1013.288009874968,1.72361254450951
35.0,1012.2503248527719,1.7320508075688767
35.04,1013.6034234543062,1.7403675093390503
35.08,1013.0443731410041,1.7485620661252665
35.12,1013.4362820688408,1.7566339028053144
35.160000000000004,1013.6021650257001,1.7645824528699066
35.2,1013.1618894578394,1.7724071584624297
35.24,1013.4909909965129,1.7801074704181048
35.28,1013.2324066164648,1.7876828483025269
35.32,1013.2019969575472,1.7951327604495948
35.36,1012.809883768469,1.8024566839988219
35.4,1013.6749264745142,1.8096541049320378
35.44,1013.1206848540311,1.8167245181094613
35.480000000000004,1013.7678347845078,1.8236674273051519
35.52,1012.5156440097223,1.8304823452418348
35.56,1012.7715315220214,1.8371687936251082
35.6,1012.5224903296586,1.8437263031770008
35.64,1013.6249247066434,1.8501544136689154
35.68,1013.3622988104078,1.8564526739539262
35.72,1012.2824723456448,1.8626206419984397
35.76,1012.6256457111892,1.8686578849132236
35.800000000000004,1012.476777524366,1.8745639789837834
35.84,1013.5575923226481,1.8803385097001004
35.88,1013.637833493807,1.8859810717857286
35.92,1012.7886197979408,1.8914912692262336
35.96,1011.9841692529473,1.8968687152969859
36.0,1012.015896037726,1.902113032590307
36.04,1013.6729727088446,1.9072238530419514
36.08,1013.6451743574175,1.9122008179569439
36.12,1013.8119144997926,1.9170435780347512
36.160000000000004,1012.9802729823771,1.9217517933937973
36.2,1012.0094776004614,1.9263251335953162
36.24,1013.2782458957671,1.9307632776665478
36.28,1012.7923399861663,1.9350659141232598
36.32,1013.9292111566531,1.9392327409916115
36.36,1013.3897550606954,1.9432634658293475
36.4,1013.1490132116573,1.9471578057463201
36.44,1012.854290009739,1.950915487424346
36.480000000000004,1013.73293440722,1.9545362471363872
36.52,1012.7141930790385,1.9580198307650596
36.56,1012.3761097526519,1.961365993820471
36.6,1013.1157615025606,1.9645745014573772
36.64,1013.5980257362858,1.967645128491665
36.68,1013.8575553962097,1.970577659416157
36.72,1012.2454265934929,1.9733718884157359
36.76,1013.6620741973196,1.9760276193817898
36.800000000000004,1013.0123249024424,1.9785446659259767
36.84,1013.4445059135558,1.9809228513933026
36.88,1012.3297425073621,1.9831620088745234
36.92,1012.853491303714,1.985261981217858
36.96,1013.3551543196514,1.9872226210400168
37.0,1013.0342256083632,1.9890437907365466
37.04,1012.9734975084459,1.9907253624914878
37.08,1012.8801347608019,1.9922672182863448
37.12,1013.0466242470976,1.9936692499083692
37.160000000000004,1013.0611474228926,1.994931358958155
37.2,1012.4899432117503,1.9960534568565431
37.24,1012.7684612820127,1.9970354648508395
37.28,1013.3204727781483,1.9978773140203425
37.32,1012.957806899025,1.9985789452811784
37.36,1013.2832049167585,1.9991403093904498
37.4,1012.9562224219529,1.999561366949691
37.44,1012.762585439548,1.9998420884076322
37.480000000000004,1013.5535209548883,1.9999824540622753
37.52,1013.371265658154,1.9999824540622753
37.56,1012.9775029795111,1.9998420884076322
37.6,1013.425223706371,1.999561366949691
37.64,1013.3313752075743,1.99914030939045
37.68,1012.7409982942739,1.9985789452811786
37.72,1013.1041562825745,1.9978773140203425
37.76,1013.2185675318866,1.9970354648508397
37.800000000000004,1013.273897686314,1.9960534568565431
37.84,1013.9206737185733,1.9949313589581552
37.88,1013.3677473567577,1.9936692499083695
37.92,1013.3751247765457,1.992267218286345
37.96,1012.5154946196433,1.9907253624914878
38.0,1014.390011225205,1.9890437907365468
38.04,1012.436807562469,1.987222621040017
38.08,1012.8044231744344,1.9852619812178582
38.12,1012.8239605946561,1.9831620088745237
38.160000000000004,1012.9127057261982,1.9809228513933024
38.2,1012.6262808990754,1.9785446659259769
38.24,1012.25253222276,1.9760276193817907
38.28,1013.6459119957418,1.973371888415736
38.32,1012.8051031486212,1.9705776594161573
38.36,1011.9908257546477,1.9676451284916656
38.4,1012.8995056575669,1.9645745014573779
38.44,1013.2437107747504,1.961365993820472
38.480000000000004,1012.2170517209189,1.9580198307650598
38.52,1013.3367465227642,1.9545362471363867
38.56,1013.1804400315306,1.9509154874243462
38.6,1012.5796028350807,1.9471578057463208
38.64,1013.1506623522347,1.9432634658293484
38.68,1013.8245716891927,1.9392327409916126
38.72,1013.0531463643719,1.93506591412326
38.76,1012.7850305260228,1.9307632776665482
38.800000000000004,1012.6101504901536,1.926325133595316
38.84,1013.9432983115379,1.921751793393797
38.88,1012.9424639293159,1.9170435780347521
38.92,1012.9331737178953,1.9122008179569454
38.96,1013.4815259327845,1.9072238530419519
39.0,1013.3187756215898,1.9021130325903073
39.04,1012.3367372317044,1.896868715296987
39.08,1013.1230702376507,1.8914912692262345
39.12,1012.7794590824823,1.8859810717857302
39.160000000000004,1013.5863598783419,1.8803385097001009
39.2,1012.4094310382147,1.8745639789837825
39.24,1013.3803641909107,1.868657884913224
39.28,1012.013372843605,1.8626206419984408
39.32,1013.3158389619758,1.8564526739539273
39.36,1013.381529821678,1.8501544136689172
39.4,1012.5559153907802,1.8437263031770013
39.44,1013.4318522938487,1.8371687936251087
39.480000000000004,1012.9267584960544,1.8304823452418346
39.52,1011.8855565820979,1.8236674273051516
39.56,1013.1261939309512,1.8167245181094627
39.6,1012.5692144908007,1.80965410493204
39.64,1013.4544772072683,1.8024566839988225
39.68,1013.6476991143065,1.7951327604495952
39.72,1012.7938373851217,1.7876828483025282
39.76,1012.4479058339883,1.7801074704181061
39.800000000000004,1012.9799900344077,1.7724071584624295
39.84,1013.3570884256516,1.7645824528699072
39.88,1012.6892305286352,1.756633902805315
39.92,1013.2272951026646,1.7485620661252672
39.96,1013.4438644871858,1.7403675093390518
40.0,1013.5568658934665,1.7320508075688783
40.04,1013.1979610898916,1.7236125445095116
40.08,1012.137105242967,1.7150533123873046
40.12,1012.8592957327652,1.7063737119186413
40.160000000000004,1012.9060946624132,1.697574352267763
40.2,1013.063604457092,1.6886558510040302
40.24,1011.7301783971021,1.6796188340585663
40.28,1012.6298136625189,1.6704639356803357
40.32,1012.9325830358888,1.6611917983916251
40.36,1013.2505876766556,1.6518030729429576
40.4,1014.1651433227969,1.642298418267409
40.44,1013.3681966191614,1.6326785014343694
40.480000000000004,1012.5516550513134,1.6229439976027218
40.52,1012.646878218626,1.6130955899734656
40.56,1012.7299785352377,1.6031339697417544
40.6,1012.8935646839067,1.5930598360483923
40.64,1013.1995487747121,1.582873895930772
40.68,1012.6131971580214,1.572576864273239
40.72,1012.9797625769854,1.5621694637569281
40.76,1012.9889552548191,1.551652424809041
40.800000000000004,1013.2553633906856,1.5410264855515794
40.84,1012.8691924311664,1.5302923917495477
40.88,1012.6989277138283,1.5194508967586093
40.92,1012.7301624077711,1.5085027614722082
40.96,1013.2789911133418,1.4974487542681736
41.0,1012.7113882609681,1.4862896509547905
41.04,1013.4212223500394,1.475026234716348
41.08,1013.2585004595866,1.4636592960581833
41.12,1012.5199544110156,1.4521896327511856
41.160000000000004,1013.6836156219618,1.4406180497758139
41.2,1013.1012246681121,1.4289453592656076
41.24,1012.7286224215461,1.4171723804501737
41.28,1013.9761909793099,1.4052999395976982
41.32,1013.0432626850321,1.393328869956962
41.36,1013.2382762317516,1.3812600116988472
41.4,1013.0437819151657,1.3690942118573795
41.44,1013.7604292962292,1.3568323242702793
41.480000000000004,1013.9417224895557,1.3444752095190329
41.52,1013.1815117225802,1.3320237348685025
41.56,1013.0755195191998,1.319478774206052
41.6,1013.5165328530007,1.3068412079802116
41.64,1012.7929874356423,1.2941119231388902
41.68,1013.1563776607439,1.2812918130671254
41.72,1012.7198111988857,1.2683817775243795
41.76,1013.99237615463,1.255382722581402
41.800000000000004,1013.5908879641513,1.24229556055662
41.84,1013.953149006269,1.229121209952129
41.88,1012.8027734967152,1.2158605953892117
41.92,1013.5044423412727,1.202514647543455
41.96,1013.2635810357399,1.189084303079426
42.0,1013.1986360223759,1.1755705045849467
42.04,1013.8689776926125,1.161974200504921
42.08,1012.596678328553,1.1482963450747816
42.12,1012.7331700826851,1.1345378982535161
42.160000000000004,1012.7687689301948,1.1206998256562903
42.2,1012.3085361257754,1.106783098486687
42.24,1012.0378106346374,1.092788693468538
42.28,1012.9454395641953,1.0787175927773676
42.32,1013.405958535022,1.0645707839714695
42.36,1012.9234755693277,1.0503492599225939
42.4,1012.628139813273,1.0360540187462608
42.44,1013.6446526951871,1.021686063731721
42.480000000000004,1012.4728964291388,1.0072464032715207
42.52,1012.1197390828862,0.9927360507907537
42.56,1012.284624226923,0.9781560246759134
42.6,1013.8279323417634,0.9635073482034324
42.64,1012.9565516389914,0.9487910494678582
42.68,1013.6866375410818,0.9340081613097112
42.72,1013.6839872785456,0.9191597212429772
42.76,1012.1007411393059,0.9042467713823039
42.800000000000004,1013.0949484774914,0.8892703583698551
42.84,1013.4338655101648,0.874231533301867
42.88,1012.5086659517347,0.8591313516548554
42.92,1012.4126152983588,0.8439708732115654
42.96,1013.3007403410223,0.8287511619865691
43.0,1012.4665654596365,0.8134732861516022
43.04,1013.2082469251425,0.7981383179605931
43.08,1013.4289131721292,0.7827473336744085
43.12,1013.4900875733599,0.767301413485314
43.160000000000004,1013.4559253331523,0.7518016414411726
43.2,1013.6898111402467,0.736249105369356
43.24,1012.5633101362425,0.7206448968003903
43.28,1013.9059670152625,0.704990110891359
43.32,1012.806135547198,0.689285846349037
43.36,1012.5179350592218,0.6735332053527772
43.4,1013.606541520739,0.657733293477168
43.44,1013.3665566571188,0.6418872196144215
43.480000000000004,1012.1852746360111,0.6259960958965566
43.52,1013.4708386857633,0.6100610376173562
43.56,1013.1756293752206,0.594083163154072
43.6,1013.0352012090522,0.5780635938889429
43.64,1012.787172450377,0.5620034541305029
43.68,1013.6884315735758,0.5459038710346522
43.72,1013.8237832537064,0.5297659745255643
43.76,1013.3513329484831,0.5135908972163793
43.800000000000004,1012.4198643426798,0.497379774329711
43.84,1012.4231200262931,0.48113374361798233
43.88,1012.6289020063189,0.4648539452835679
43.92,1013.5205900037423,0.44854152189876334
43.96,1012.8810856732676,0.4321976183256061
44.0,1013.3631467758617,0.4158233816355217
44.04,1012.7606062934913,0.3994199610288146
44.08,1013.7421559645392,0.3829885077540276
44.12,1012.4758882722307,0.36653017502712215
44.160000000000004,1012.9247643097182,0.35004611795055224
44.2,1012.925817146177,0.33353749343220573
44.24,1013.3934322713799,0.3170054601041876
44.28,1013.2299955226588,0.30045117824151385
44.32,1013.7972697471442,0.28387580968068954
44.36,1013.695816550609,0.26728051773814643
44.4,1012.6858962258152,0.25066646712861135
44.44,1013.0652375425419,0.23403482388335878
44.480000000000004,1013.0381954358212,0.2173867552683716
44.52,1012.7885667774506,0.20072342970242865
44.56,1012.2869533247384,0.1840460166750942
44.6,1013.0390874584178,0.16735568666463194
44.64,1013.5143094623486,0.15065361105586744
44.68,1013.1616658750553,0.13394096205797285
44.72,1013.2376545552104,0.11721891262219353
44.76,1013.7889460375332,0.1004886363595407
44.800000000000004,1012.6443414533775,0.08375130745839833
44.84,1012.682078049373,0.0670081006021431
44.88,1012.8643932486931,0.05026019088667612
44.92,1013.6184298939943,0.03350875373796493
44.96,1013.5472353607123,0.01675496482954092
45.0,1013.2423460758166,7.347880794884119e-16
45.04,1013.8180605386997,-0.01675496482953945
45.08,1012.6367330175577,-0.033508753737959904
45.12,1012.8895435379649,-0.050260190886671094
45.160000000000004,1013.2755259435559,-0.06700810060214163
45.2,1012.9777852642849,-0.08375130745840041
45.24,1013.4987329412185,-0.10048863635953922
45.28,1013.9319948116027,-0.11721891262219207
45.32,1013.0396304944102,-0.13394096205796782
45.36,1013.2933977222468,-0.15065361105586245
45.4,1013.539381757137,-0.1673556866646305
45.44,1013.4568416788894,-0.18404601667509274
45.480000000000004,1013.9659948881583,-0.20072342970243073
45.52,1013.298389074365,-0.21738675526837012
45.56,1013.1207941357573,-0.23403482388335378
45.6,1012.6158196100129,-0.25066646712860635
45.64,1013.2770997133756,-0.267280517738145
45.68,1012.6434500958056,-0.2838758096806881
45.72,1012.6581505102157,-0.3004511782415124
45.76,1013.3402737160119,-0.3170054601041827
45.800000000000004,1012.9573304827203,-0.3335374934322043
45.84,1011.9101503100031,-0.3500461179505508
45.88,1014.2819210950564,-0.3665301750271207
45.92,1012.3808364820052,-0.38298850775402615
45.96,1012.9871509087176,-0.39941996102881316
46.0,1012.516585812645,-0.4158233816355168
46.04,1012.961500345024,-0.4321976183256012
46.08,1012.8709480592311,-0.44854152189875846
46.12,1012.7482153203919,-0.46485394528356644
46.160000000000004,1013.0484945912488,-0.48113374361798433
46.2,1012.5574557977102,-0.49737977432970953
46.24,1013.3535108099427,-0.5135908972163745
46.28,1013.3080467674711,-0.5297659745255594
46.32,1013.1216618914195,-0.5459038710346474
46.36,1013.3516430291768,-0.5620034541305015
46.4,1013.5906294672413,-0.5780635938889416
46.44,1012.3844215693891,-0.5940831631540672
46.480000000000004,1013.8881768020858,-0.6100610376173548
46.52,1013.9101564494562,-0.6259960958965551
46.56,1013.502738833945,-0.6418872196144167
46.6,1012.9105685668134,-0.6577332934771667
46.64,1014.1450226718707,-0.6735332053527757
46.68,1013.6301371942046,-0.6892858463490323
46.72,1012.341471449737,-0.7049901108913542
46.76,1012.8977697844667,-0.7206448968003856
46.800000000000004,1013.4072901754064,-0.7362491053693545
46.84,1012.4748777337023,-0.7518016414411745
46.88,1013.667755998656,-0.7673014134853126
46.92,1013.0284058893722,-0.7827473336744039
46.96,1012.6308085640536,-0.7981383179605885
47.0,1013.0243870319687,-0.8134732861515975
47.04,1012.8441852225684,-0.8287511619865677
47.08,1012.2845810106487,-0.843970873211564
47.12,1013.1265083889992,-0.8591313516548541
47.160000000000004,1012.9398846168382,-0.8742315333018656
47.2,1013.2122050163634,-0.8892703583698539
47.24,1012.6016917509555,-0.9042467713822995
47.28,1013.2356371335163,-0.919159721242976
47.32,1014.3516798244191,-0.9340081613097099
47.36,1012.5363635145336,-0.948791049467857
47.4,1013.1980175095742,-0.963507348203428
47.44,1013.3397811267407,-0.9781560246759091
47.480000000000004,1013.196928784779,-0.9927360507907524
47.52,1013.1620256770859,-1.0072464032715227
47.56,1013.2170878761926,-1.0216860637317198
47.6,1012.962418546119,-1.0360540187462595
47.64,1014.0303248026661,-1.0503492599225897
47.68,1013.4066597625601,-1.0645707839714653
47.72,1012.8917372975471,-1.0787175927773662
47.76,1013.7888867693061,-1.092788693468537
47.800000000000004,1012.819917948105,-1.1067830984866889
47.84,1012.625156991778,-1.1206998256562892
47.88,1012.9773450356721,-1.134537898253512
47.92,1013.9098982998559,-1.1482963450747774
47.96,1012.6419182967948,-1.1619742005049198
48.0,1013.0718797224675,-1.1755705045849456
48.04,1012.926681506774,-1.189084303079425
48.08,1013.6394939713783,-1.202514647543451
48.120000000000005,1012.6875315317267,-1.2158605953892105
48.160000000000004,1013.539519364231,-1.2291212099521278
48.2,1012.5640704413385,-1.2422955605566215
48.24,1013.7727590617257,-1.255382722581401
48.28,1013.4937893956317,-1.2683817775243784
48.32,1013.5706768375213,-1.2812918130671216
48.36,1013.3096795678189,-1.2941119231388862
48.4,1012.6876138435989,-1.3068412079802105
48.44,1013.627023375691,-1.319478774206051
48.480000000000004,1013.5455846673053,-1.332023734868504
48.52,1012.8813577340496,-1.3444752095190318
48.56,1012.6640094097512,-1.3568323242702756
48.6,1013.3084158791502,-1.3690942118573757
48.64,1013.3493880329692,-1.381260011698846
48.68,1013.6331560061493,-1.393328869956961
48.72,1012.9459167815976,-1.405299939597697
48.76,1013.4465988955842,-1.4171723804501704
48.800000000000004,1013.7382874249703,-1.4289453592656065
48.84,1012.2040320956222,-1.4406180497758128
48.88,1012.0810822438473,-1.4521896327511847
48.92,1013.3394008747056,-1.4636592960581825
48.96,1013.4038764472089,-1.4750262347163472
49.0,1012.9533902803834,-1.4862896509547872
49.04,1012.5495486592583,-1.4974487542681703
49.08,1014.2227594218197,-1.5085027614722049
49.120000000000005,1013.3414529422653,-1.5194508967586084
49.160000000000004,1013.3675750053541,-1.530292391749549
49.2,1013.0639876848423,-1.5410264855515785
49.24,1013.2290789610939,-1.551652424809038
49.28,1013.1780409395103,-1.562169463756925
49.32,1014.0109100064814,-1.5725768642732358
49.36,1014.5739595834426,-1.582873895930771
49.4,1012.948678695677,-1.5930598360483914
49.44,1013.8840471712218,-1.6031339697417515
49.480000000000004,1014.1587244354359,-1.6130955899734647
49.52,1012.9523897386581,-1.6229439976027211
49.56,1013.0650109173624,-1.6326785014343665
49.6,1012.7450345214935,-1.642298418267408
49.64,1013.0523911412623,-1.6518030729429567
49.68,1012.9450841387281,-1.6611917983916242
49.72,1013.2724391540858,-1.670463935680333
49.76,1012.7490499537727,-1.6796188340585636
49.800000000000004,1013.6863686148698,-1.6886558510040293
49.84,1013.8069053065798,-1.6975743522677642
49.88,1013.1859194990182,-1.7063737119186406
49.92,1012.869251718719,-1.715053312387304
49.96,1013.5216204440388,-1.723612544509509
50.0,1013.5544987071493,-1.7320508075688756
50.04,1013.0696062575923,-1.740367509339051
50.08,1013.1986670535016,-1.7485620661252663
50.120000000000005,1013.1704075965334,-1.756633902805316
50.160000000000004,1013.7974228352792,-1.7645824528699063
50.2,1013.4994022417553,-1.7724071584624288
50.24,1012.487427857835,-1.780107470418104
50.28,1014.5944684658012,-1.7876828483025275
50.32,1013.1967817481169,-1.7951327604495946
50.36,1013.7869346773241,-1.8024566839988219
50.4,1013.4486284588303,-1.8096541049320378
50.44,1013.1676453958685,-1.8167245181094605
50.480000000000004,1013.8943970979221,-1.823667427305151
50.52,1014.3416160398598,-1.8304823452418355
50.56,1012.8861857072361,-1.837168793625108
50.6,1013.0538116234646,-1.8437263031770006
50.64,1014.2258413564929,-1.8501544136689152
50.68,1014.4936049385619,-1.8564526739539253
50.72,1013.645924850175,-1.8626206419984404
50.76,1014.1246333229046,-1.8686578849132236
50.800000000000004,1013.2103846613608,-1.8745639789837834
50.84,1012.5831556572917,-1.8803385097001004
50.88,1013.376930009345,-1.8859810717857286
50.92,1014.1328647815792,-1.891491269226233
50.96,1013.0614454075006,-1.8968687152969865
51.0,1014.2301606505355,-1.9021130325903068
51.04,1014.0496240601879,-1.9072238530419514
51.08,1013.5224970143887,-1.9122008179569439
51.120000000000005,1014.873499432831,-1.9170435780347517
51.160000000000004,1013.3592522086545,-1.9217517933937966
51.2,1012.7834309956105,-1.9263251335953167
51.24,1013.2616811282694,-1.9307632776665478
51.28,1013.6225037940873,-1.9350659141232596
51.32,1013.121974258923,-1.9392327409916115
51.36,1013.0998869501219,-1.943263465829347
51.4,1013.6784829733288,-1.9471578057463197
51.44,1013.8688829640316,-1.950915487424346
51.480000000000004,1013.5875689015847,-1.9545362471363872
51.52,1013.4249455790933,-1.9580198307650596
51.56,1013.1527343745954,-1.9613659938204708
51.6,1013.0601498199967,-1.964574501457377
51.64,1013.2971678648829,-1.9676451284916645
51.68,1012.8069432542554,-1.970577659416157
51.72,1013.146271887955,-1.9733718884157359
51.76,1013.6180544016506,-1.9760276193817898
51.800000000000004,1012.8821251576128,-1.9785446659259767
51.84,1012.4444547504436,-1.9809228513933022
51.88,1013.2625756162792,-1.983162008874523
51.92,1012.8924271767181,-1.985261981217858
51.96,1013.2145870390478,-1.9872226210400168
52.0,1013.8941493293685,-1.9890437907365464
52.04,1013.8973190532865,-1.9907253624914876
52.08,1013.4383470302358,-1.9922672182863446
52.120000000000005,1013.7582171394153,-1.9936692499083695
52.160000000000004,1014.451430343127,-1.9949313589581552
52.2,1013.3428730521341,-1.9960534568565431
52.24,1012.9944773338525,-1.9970354648508395
52.28,1013.8182198814368,-1.9978773140203423
52.32,1013.2403201086669,-1.9985789452811784
52.36,1012.9693988869909,-1.99914030939045
52.4,1013.3679864471903,-1.999561366949691
52.44,1013.6920847572115,-1.9998420884076322
52.480000000000004,1013.6761660363509,-1.9999824540622753
52.52,1012.8027860604925,-1.9999824540622753
52.56,1013.6902639825788,-1.9998420884076322
52.6,1012.7462703573444,-1.999561366949691
52.64,1012.8256360842447,-1.99914030939045
52.68,1014.1483181958549,-1.9985789452811786
52.72,1012.6434423692408,-1.9978773140203427
52.76,1012.2903229106155,-1.99703546485084
52.800000000000004,1013.7158470622878,-1.9960534568565431
52.84,1013.1782498004186,-1.994931358958155
52.88,1013.2838622487047,-1.9936692499083695
52.92,1014.2321000254129,-1.992267218286345
52.96,1014.0268020586575,-1.990725362491488
53.0,1013.9745041791393,-1.989043790736547
53.04,1013.5277042431586,-1.9872226210400168
53.08,1013.752392383397,-1.9852619812178582
53.120000000000005,1013.272325673122,-1.9831620088745232
53.160000000000004,1013.1952119014603,-1.9809228513933024
53.2,1013.5147676434541,-1.9785446659259769
53.24,1013.8275649446276,-1.9760276193817907
53.28,1014.3032588768114,-1.973371888415736
53.32,1014.0805411544387,-1.9705776594161573
53.36,1013.8855506563494,-1.9676451284916656
53.4,1013.5011895736413,-1.9645745014573779
53.44,1013.4298095019582,-1.961365993820472
53.480000000000004,1013.6682789653772,-1.95801983076506
53.52,1013.6316281172238,-1.9545362471363867
53.56,1013.0286806688828,-1.9509154874243462
53.6,1013.3905445021935,-1.9471578057463208
53.64,1013.5909772694982,-1.9432634658293484
53.68,1013.89191752646,-1.9392327409916128
53.72,1013.5538674008809,-1.93506591412326
53.76,1014.557045336648,-1.9307632776665482
53.800000000000004,1013.2997642903517,-1.9263251335953162
53.84,1013.7398413600905,-1.9217517933937973
53.88,1013.5676676226781,-1.9170435780347521
53.92,1013.8556172448289,-1.9122008179569454
53.96,1013.6606778658643,-1.9072238530419519
54.0,1013.4879407753228,-1.9021130325903075
54.04,1013.9166098453319,-1.896868715296987
54.08,1013.2338136101934,-1.8914912692262347
54.120000000000005,1012.9884949338635,-1.885981071785729
54.160000000000004,1014.1329707728257,-1.880338509700101
54.2,1013.6636946845151,-1.8745639789837827
54.24,1014.3909622217989,-1.868657884913224
54.28,1013.6435487715555,-1.862620641998441
54.32,1012.895163122044,-1.8564526739539273
54.36,1013.8146493093203,-1.8501544136689172
54.4,1012.7115341197041,-1.8437263031770026
54.44,1012.7941562486252,-1.8371687936251087
54.480000000000004,1013.6031068925917,-1.8304823452418348
54.52,1013.6983842608255,-1.8236674273051516
54.56,1013.6575553462732,-1.8167245181094627
54.6,1013.2138962478745,-1.80965410493204
54.64,1013.2081991101394,-1.802456683998824
54.68,1014.944532958106,-1.7951327604495955
54.72,1013.0248716821895,-1.7876828483025284
54.76,1013.1931455427989,-1.7801074704181064
54.800000000000004,1014.3156000036367,-1.7724071584624297
54.84,1013.1927651451075,-1.7645824528699072
54.88,1013.4691987502168,-1.7566339028053168
54.92,1013.6162284661754,-1.7485620661252672
54.96,1013.4351115544212,-1.7403675093390518
55.0,1014.168798552294,-1.7320508075688783
55.04,1014.105633524006,-1.7236125445095116
55.08,1013.9662061040802,-1.7150533123873066
55.120000000000005,1014.3050305157313,-1.7063737119186415
55.160000000000004,1013.5182070395679,-1.697574352267763
55.2,1014.1986070495261,-1.6886558510040302
55.24,1013.8128102650724,-1.6796188340585665
55.28,1013.112048220479,-1.670463935680336
55.32,1013.8081783418887,-1.6611917983916271
55.36,1013.3528665914031,-1.6518030729429576
55.4,1012.8189295044161,-1.6422984182674092
55.44,1012.8142291866395,-1.6326785014343697
55.480000000000004,1013.0790851718983,-1.622943997602722
55.52,1014.3410292417523,-1.6130955899734658
55.56,1012.1939421184187,-1.6031339697417546
55.6,1013.4220451655642,-1.5930598360483925
55.64,1013.8192184879189,-1.582873895930772
55.68,1013.4819924677236,-1.572576864273239
55.72,1013.373868953358,-1.5621694637569283
55.76,1013.1273285657848,-1.5516524248090413
55.800000000000004,1014.2958967683621,-1.5410264855515794
55.84,1013.3406765931494,-1.530292391749548
55.88,1012.9447857439799,-1.5194508967586096
55.92,1013.3016269777387,-1.5085027614722084
55.96,1013.6876304504174,-1.4974487542681738
56.0,1013.1623735261653,-1.4862896509547907
56.04,1013.7613741712396,-1.4750262347163483
56.08,1013.5377259660617,-1.4636592960581836
56.120000000000005,1013.7446211666222,-1.4521896327511834
56.160000000000004,1014.2629195476013,-1.440618049775814
56.2,1012.6822557924636,-1.4289453592656076
56.24,1013.3620390773233,-1.417172380450174
56.28,1013.1270490236017,-1.4052999395976984
56.32,1013.1996598474991,-1.3933288699569621
56.36,1013.6270104478994,-1.3812600116988472
56.4,1013.5472850192147,-1.3690942118573797
56.44,1012.7187534835099,-1.3568323242702793
56.480000000000004,1012.9773775989856,-1.344475209519033
56.52,1014.1153859945136,-1.3320237348685025
56.56,1012.8861048209989,-1.3194787742060523
56.6,1013.8997940101942,-1.3068412079802119
56.64,1012.5846871459042,-1.2941119231388902
56.68,1012.7340560080308,-1.2812918130671256
56.72,1013.7985832981917,-1.2683817775243797
56.76,1014.283641721992,-1.2553827225814023
56.800000000000004,1014.0253727585585,-1.2422955605566202
56.84,1013.2911825457371,-1.2291212099521291
56.88,1013.1741337236431,-1.2158605953892119
56.92,1013.7611870273904,-1.202514647543455
56.96,1012.7372575906087,-1.1890843030794263
57.0,1013.7622296224067,-1.175570504584947
57.04,1013.2610721514976,-1.1619742005049212
57.08,1014.3481180417665,-1.1482963450747818
57.120000000000005,1013.6851882840326,-1.1345378982535135
57.160000000000004,1013.4363150805623,-1.1206998256562906
57.2,1013.6390905570474,-1.1067830984866873
57.24,1013.3469099331251,-1.0927886934685382
57.28,1013.7925384411757,-1.0787175927773678
57.32,1013.088435559175,-1.0645707839714698
57.36,1014.0887537230158,-1.050349259922594
57.4,1013.3880055923391,-1.0360540187462641
57.44,1013.9961723864732,-1.0216860637317213
57.480000000000004,1013.9559582073548,-1.007246403271521
57.52,1013.6575322096355,-0.9927360507907539
57.56,1013.9084474188177,-0.9781560246759137
57.6,1013.3185544740479,-0.9635073482034326
57.64,1013.8549943145838,-0.9487910494678615
57.68,1012.7202815206306,-0.9340081613097114
57.72,1012.9725353554787,-0.9191597212429774
57.76,1013.4245077770684,-0.9042467713823041
57.800000000000004,1012.5594515787313,-0.8892703583698554
57.84,1013.5523703833632,-0.8742315333018672
57.88,1014.5951875896036,-0.8591313516548589
57.92,1013.1760482490137,-0.8439708732115656
57.96,1013.5395759077442,-0.8287511619865693
58.0,1013.054732750419,-0.8134732861516024
58.04,1014.0707325191114,-0.7981383179605933
58.08,1013.4259960006683,-0.7827473336744087
58.120000000000005,1013.5016271913579,-0.7673014134853142
58.160000000000004,1013.4038583763665,-0.7518016414411728
58.2,1013.3776659315755,-0.7362491053693562
58.24,1012.8865692368876,-0.7206448968003906
58.28,1013.5994568906017,-0.7049901108913592
58.32,1013.3709009974694,-0.6892858463490372
58.36,1012.7522954998434,-0.6735332053527774
58.4,1012.5758445451189,-0.6577332934771682
58.44,1013.4183200764982,-0.6418872196144217
58.480000000000004,1013.3463679156669,-0.6259960958965568
58.52,1012.8352041029034,-0.6100610376173564
58.56,1013.9043946583132,-0.5940831631540723
58.6,1013.226104805371,-0.5780635938889432
58.64,1013.7505721195851,-0.5620034541305031
58.68,1013.0576668462444,-0.5459038710346524
58.72,1013.2958578385528,-0.5297659745255645
58.76,1013.1625794193205,-0.5135908972163795
58.800000000000004,1013.2677692719104,-0.4973797743297112
58.84,1013.5823033072396,-0.48113374361798256
58.88,1013.3327741360677,-0.4648539452835681
58.92,1013.7769822148244,-0.44854152189876356
58.96,1012.8715054622355,-0.4321976183256064
59.0,1013.0994628905171,-0.41582338163552196
59.04,1013.6224796105248,-0.39941996102881483
59.08,1013.9076541603689,-0.3829885077540278
59.120000000000005,1013.5186091640392,-0.36653017502711893
59.160000000000004,1013.8467085145899,-0.35004611795055246
59.2,1013.0410874285718,-0.33353749343220596
59.24,1013.2463636684435,-0.31700546010418784
59.28,1013.7837982099845,-0.30045117824151407
59.32,1013.3115723654084,-0.28387580968068976
59.36,1013.2534085887329,-0.2672805177381467
59.4,1013.2840439409493,-0.25066646712861157
59.44,1012.8655203450168,-0.234034823883359
59.480000000000004,1012.9450155470334,-0.21738675526837184
59.52,1013.1311091764925,-0.2007234297024289
59.56,1014.1728653209761,-0.18404601667509446
59.6,1013.2460126756306,-0.1673556866646322
59.64,1013.2826344576023,-0.1506536110558677
59.68,1013.7903715032535,-0.13394096205797307
59.72,1013.4422964052075,-0.11721891262219378
59.76,1013.2072080357782,-0.10048863635954094
59.800000000000004,1013.4050686639713,-0.08375130745839858
59.84,1013.0014035678137,-0.06700810060214334
59.88,1012.8522005093171,-0.05026019088667636
59.92,1013.9348977512831,-0.03350875373796517
59.96,1013.6127872506542,-0.01675496482954472
